_raw,index,host,source,sourcetype
"{""timestamp"":""06-04-2018 12:00:01"",""total"": ""27"", ""severityCritical"": ""2"", ""severityInfo"": ""23"", ""lastUnauthRun"": """", ""severityMedium"": ""0"", ""osCPE"": """", ""pluginSet"": """", ""tpmID"": """", ""macAddress"": """", ""score"": ""100"", ""repository"": {""description"": """", ""name"": ""repo"", ""id"": ""1""}, ""policyName"": """", ""ip"": ""12.3.0.1"", ""dnsName"": ""iad30s07-in-f4.1e100.net"", ""biosGUID"": """", ""SC_address"": ""tenablesc.eastus.cloudapp.azure.com"", ""lastAuthRun"": """", ""severityLow"": ""0"", ""severityHigh"": ""2"", ""netbiosName"": """", ""mcafeeGUID"": """"}",main,localhost,tenable:eventgen,tenable:sc:assets
"{""timestamp"":""06-04-2018 12:00:02"",""total"": ""27"", ""severityCritical"": ""2"", ""severityInfo"": ""23"", ""lastUnauthRun"": """", ""severityMedium"": ""0"", ""osCPE"": """", ""pluginSet"": """", ""tpmID"": """", ""macAddress"": """", ""score"": ""100"", ""repository"": {""description"": """", ""name"": ""repo"", ""id"": ""1""}, ""policyName"": """", ""ip"": ""12.3.0.2"", ""dnsName"": ""iad30s07-in-f4.1e100.net"", ""biosGUID"": """", ""SC_address"": ""tenablesc.eastus.cloudapp.azure.com"", ""lastAuthRun"": """", ""severityLow"": ""0"", ""severityHigh"": ""2"", ""netbiosName"": """", ""mcafeeGUID"": """"}",main,localhost,tenable:eventgen,tenable:sc:assets
"{""timestamp"":""06-04-2018 12:00:03"",""total"": ""27"", ""severityCritical"": ""2"", ""severityInfo"": ""23"", ""lastUnauthRun"": """", ""severityMedium"": ""0"", ""osCPE"": """", ""pluginSet"": """", ""tpmID"": """", ""macAddress"": """", ""score"": ""100"", ""repository"": {""description"": """", ""name"": ""repo"", ""id"": ""1""}, ""policyName"": """", ""ip"": ""12.3.0.3"", ""dnsName"": ""iad30s07-in-f4.1e100.net"", ""biosGUID"": """", ""SC_address"": ""tenablesc.eastus.cloudapp.azure.com"", ""lastAuthRun"": """", ""severityLow"": ""0"", ""severityHigh"": ""2"", ""netbiosName"": """", ""mcafeeGUID"": """"}",main,localhost,tenable:eventgen,tenable:sc:assets
"{""timestamp"":""06-04-2018 12:00:04"",""total"": ""27"", ""severityCritical"": ""2"", ""severityInfo"": ""23"", ""lastUnauthRun"": """", ""severityMedium"": ""0"", ""osCPE"": """", ""pluginSet"": """", ""tpmID"": """", ""macAddress"": """", ""score"": ""100"", ""repository"": {""description"": """", ""name"": ""repo"", ""id"": ""1""}, ""policyName"": """", ""ip"": ""12.3.0.4"", ""dnsName"": ""iad30s07-in-f4.1e100.net"", ""biosGUID"": """", ""SC_address"": ""tenablesc.eastus.cloudapp.azure.com"", ""lastAuthRun"": """", ""severityLow"": ""0"", ""severityHigh"": ""2"", ""netbiosName"": """", ""mcafeeGUID"": """"}",main,localhost,tenable:eventgen,tenable:sc:assets
"{""timestamp"":""06-04-2018 12:00:05"",""total"": ""27"", ""severityCritical"": ""2"", ""severityInfo"": ""23"", ""lastUnauthRun"": """", ""severityMedium"": ""0"", ""osCPE"": """", ""pluginSet"": """", ""tpmID"": """", ""macAddress"": """", ""score"": ""100"", ""repository"": {""description"": """", ""name"": ""repo"", ""id"": ""1""}, ""policyName"": """", ""ip"": ""12.3.0.5"", ""dnsName"": ""iad30s07-in-f4.1e100.net"", ""biosGUID"": """", ""SC_address"": ""tenablesc.eastus.cloudapp.azure.com"", ""lastAuthRun"": """", ""severityLow"": ""0"", ""severityHigh"": ""2"", ""netbiosName"": """", ""mcafeeGUID"": """"}",main,localhost,tenable:eventgen,tenable:sc:assets
"{""timestamp"":""06-04-2018 12:00:06"",""total"": ""27"", ""severityCritical"": ""2"", ""severityInfo"": ""23"", ""lastUnauthRun"": """", ""severityMedium"": ""0"", ""osCPE"": """", ""pluginSet"": """", ""tpmID"": """", ""macAddress"": """", ""score"": ""100"", ""repository"": {""description"": """", ""name"": ""repo"", ""id"": ""1""}, ""policyName"": """", ""ip"": ""12.3.0.6"", ""dnsName"": ""iad30s07-in-f4.1e100.net"", ""biosGUID"": """", ""SC_address"": ""tenablesc.eastus.cloudapp.azure.com"", ""lastAuthRun"": """", ""severityLow"": ""0"", ""severityHigh"": ""2"", ""netbiosName"": """", ""mcafeeGUID"": """"}",main,localhost,tenable:eventgen,tenable:sc:assets
"{""timestamp"":""06-04-2018 12:00:07"",""total"": ""27"", ""severityCritical"": ""2"", ""severityInfo"": ""23"", ""lastUnauthRun"": """", ""severityMedium"": ""0"", ""osCPE"": """", ""pluginSet"": """", ""tpmID"": """", ""macAddress"": """", ""score"": ""100"", ""repository"": {""description"": """", ""name"": ""repo"", ""id"": ""1""}, ""policyName"": """", ""ip"": ""12.3.0.7"", ""dnsName"": ""iad30s07-in-f4.1e100.net"", ""biosGUID"": """", ""SC_address"": ""tenablesc.eastus.cloudapp.azure.com"", ""lastAuthRun"": """", ""severityLow"": ""0"", ""severityHigh"": ""2"", ""netbiosName"": """", ""mcafeeGUID"": """"}",main,localhost,tenable:eventgen,tenable:sc:assets
"{""timestamp"":""06-04-2018 12:00:08"",""total"": ""27"", ""severityCritical"": ""2"", ""severityInfo"": ""23"", ""lastUnauthRun"": """", ""severityMedium"": ""0"", ""osCPE"": """", ""pluginSet"": """", ""tpmID"": """", ""macAddress"": """", ""score"": ""100"", ""repository"": {""description"": """", ""name"": ""repo"", ""id"": ""1""}, ""policyName"": """", ""ip"": ""12.3.0.8"", ""dnsName"": ""iad30s07-in-f4.1e100.net"", ""biosGUID"": """", ""SC_address"": ""tenablesc.eastus.cloudapp.azure.com"", ""lastAuthRun"": """", ""severityLow"": ""0"", ""severityHigh"": ""2"", ""netbiosName"": """", ""mcafeeGUID"": """"}",main,localhost,tenable:eventgen,tenable:sc:assets
"{""timestamp"":""06-04-2018 12:00:09"",""total"": ""27"", ""severityCritical"": ""2"", ""severityInfo"": ""23"", ""lastUnauthRun"": """", ""severityMedium"": ""0"", ""osCPE"": """", ""pluginSet"": """", ""tpmID"": """", ""macAddress"": """", ""score"": ""100"", ""repository"": {""description"": """", ""name"": ""repo"", ""id"": ""1""}, ""policyName"": """", ""ip"": ""12.3.0.9"", ""dnsName"": ""iad30s07-in-f4.1e100.net"", ""biosGUID"": """", ""SC_address"": ""tenablesc.eastus.cloudapp.azure.com"", ""lastAuthRun"": """", ""severityLow"": ""0"", ""severityHigh"": ""2"", ""netbiosName"": """", ""mcafeeGUID"": """"}",main,localhost,tenable:eventgen,tenable:sc:assets
"{""timestamp"":""06-04-2018 12:00:10"",""total"": ""27"", ""severityCritical"": ""2"", ""severityInfo"": ""23"", ""lastUnauthRun"": """", ""severityMedium"": ""0"", ""osCPE"": """", ""pluginSet"": """", ""tpmID"": """", ""macAddress"": """", ""score"": ""100"", ""repository"": {""description"": """", ""name"": ""repo"", ""id"": ""1""}, ""policyName"": """", ""ip"": ""12.3.0.10"", ""dnsName"": ""iad30s07-in-f4.1e100.net"", ""biosGUID"": """", ""SC_address"": ""tenablesc.eastus.cloudapp.azure.com"", ""lastAuthRun"": """", ""severityLow"": ""0"", ""severityHigh"": ""2"", ""netbiosName"": """", ""mcafeeGUID"": """"}",main,localhost,tenable:eventgen,tenable:sc:assets
"{""timestamp"":""06-04-2018 12:00:11"",""total"": ""27"", ""severityCritical"": ""2"", ""severityInfo"": ""23"", ""lastUnauthRun"": """", ""severityMedium"": ""0"", ""osCPE"": """", ""pluginSet"": """", ""tpmID"": """", ""macAddress"": """", ""score"": ""100"", ""repository"": {""description"": """", ""name"": ""repo"", ""id"": ""1""}, ""policyName"": """", ""ip"": ""12.3.0.11"", ""dnsName"": ""iad30s07-in-f4.1e100.net"", ""biosGUID"": """", ""SC_address"": ""tenablesc.eastus.cloudapp.azure.com"", ""lastAuthRun"": """", ""severityLow"": ""0"", ""severityHigh"": ""2"", ""netbiosName"": """", ""mcafeeGUID"": """"}",main,localhost,tenable:eventgen,tenable:sc:assets
"{""timestamp"":""06-04-2018 12:00:12"",""total"": ""27"", ""severityCritical"": ""2"", ""severityInfo"": ""23"", ""lastUnauthRun"": """", ""severityMedium"": ""0"", ""osCPE"": """", ""pluginSet"": """", ""tpmID"": """", ""macAddress"": """", ""score"": ""100"", ""repository"": {""description"": """", ""name"": ""repo"", ""id"": ""1""}, ""policyName"": """", ""ip"": ""12.3.0.12"", ""dnsName"": ""iad30s07-in-f4.1e100.net"", ""biosGUID"": """", ""SC_address"": ""tenablesc.eastus.cloudapp.azure.com"", ""lastAuthRun"": """", ""severityLow"": ""0"", ""severityHigh"": ""2"", ""netbiosName"": """", ""mcafeeGUID"": """"}",main,localhost,tenable:eventgen,tenable:sc:assets
"{""timestamp"":""06-04-2018 12:00:13"",""total"": ""27"", ""severityCritical"": ""2"", ""severityInfo"": ""23"", ""lastUnauthRun"": """", ""severityMedium"": ""0"", ""osCPE"": """", ""pluginSet"": """", ""tpmID"": """", ""macAddress"": """", ""score"": ""100"", ""repository"": {""description"": """", ""name"": ""repo"", ""id"": ""1""}, ""policyName"": """", ""ip"": ""12.3.0.13"", ""dnsName"": ""iad30s07-in-f4.1e100.net"", ""biosGUID"": """", ""SC_address"": ""tenablesc.eastus.cloudapp.azure.com"", ""lastAuthRun"": """", ""severityLow"": ""0"", ""severityHigh"": ""2"", ""netbiosName"": """", ""mcafeeGUID"": """"}",main,localhost,tenable:eventgen,tenable:sc:assets
"{""timestamp"":""06-04-2018 12:00:14"",""total"": ""27"", ""severityCritical"": ""2"", ""severityInfo"": ""23"", ""lastUnauthRun"": """", ""severityMedium"": ""0"", ""osCPE"": """", ""pluginSet"": """", ""tpmID"": """", ""macAddress"": """", ""score"": ""100"", ""repository"": {""description"": """", ""name"": ""repo"", ""id"": ""1""}, ""policyName"": """", ""ip"": ""12.3.0.14"", ""dnsName"": ""iad30s07-in-f4.1e100.net"", ""biosGUID"": """", ""SC_address"": ""tenablesc.eastus.cloudapp.azure.com"", ""lastAuthRun"": """", ""severityLow"": ""0"", ""severityHigh"": ""2"", ""netbiosName"": """", ""mcafeeGUID"": """"}",main,localhost,tenable:eventgen,tenable:sc:assets
"{""timestamp"":""06-04-2018 12:00:15"",""total"": ""27"", ""severityCritical"": ""2"", ""severityInfo"": ""23"", ""lastUnauthRun"": """", ""severityMedium"": ""0"", ""osCPE"": """", ""pluginSet"": """", ""tpmID"": """", ""macAddress"": """", ""score"": ""100"", ""repository"": {""description"": """", ""name"": ""repo"", ""id"": ""1""}, ""policyName"": """", ""ip"": ""12.3.0.15"", ""dnsName"": ""iad30s07-in-f4.1e100.net"", ""biosGUID"": """", ""SC_address"": ""tenablesc.eastus.cloudapp.azure.com"", ""lastAuthRun"": """", ""severityLow"": ""0"", ""severityHigh"": ""2"", ""netbiosName"": """", ""mcafeeGUID"": """"}",main,localhost,tenable:eventgen,tenable:sc:assets
"{""timestamp"":""06-04-2018 12:00:16"",""total"": ""27"", ""severityCritical"": ""2"", ""severityInfo"": ""23"", ""lastUnauthRun"": """", ""severityMedium"": ""0"", ""osCPE"": """", ""pluginSet"": """", ""tpmID"": """", ""macAddress"": """", ""score"": ""100"", ""repository"": {""description"": """", ""name"": ""repo"", ""id"": ""1""}, ""policyName"": """", ""ip"": ""12.3.0.16"", ""dnsName"": ""iad30s07-in-f4.1e100.net"", ""biosGUID"": """", ""SC_address"": ""tenablesc.eastus.cloudapp.azure.com"", ""lastAuthRun"": """", ""severityLow"": ""0"", ""severityHigh"": ""2"", ""netbiosName"": """", ""mcafeeGUID"": """"}",main,localhost,tenable:eventgen,tenable:sc:assets
"{""timestamp"":""06-04-2018 12:00:17"",""total"": ""27"", ""severityCritical"": ""2"", ""severityInfo"": ""23"", ""lastUnauthRun"": """", ""severityMedium"": ""0"", ""osCPE"": """", ""pluginSet"": """", ""tpmID"": """", ""macAddress"": """", ""score"": ""100"", ""repository"": {""description"": """", ""name"": ""repo"", ""id"": ""1""}, ""policyName"": """", ""ip"": ""12.3.0.17"", ""dnsName"": ""iad30s07-in-f4.1e100.net"", ""biosGUID"": """", ""SC_address"": ""tenablesc.eastus.cloudapp.azure.com"", ""lastAuthRun"": """", ""severityLow"": ""0"", ""severityHigh"": ""2"", ""netbiosName"": """", ""mcafeeGUID"": """"}",main,localhost,tenable:eventgen,tenable:sc:assets
"{""timestamp"":""06-04-2018 12:00:18"",""total"": ""27"", ""severityCritical"": ""2"", ""severityInfo"": ""23"", ""lastUnauthRun"": """", ""severityMedium"": ""0"", ""osCPE"": """", ""pluginSet"": """", ""tpmID"": """", ""macAddress"": """", ""score"": ""100"", ""repository"": {""description"": """", ""name"": ""repo"", ""id"": ""1""}, ""policyName"": """", ""ip"": ""12.3.0.18"", ""dnsName"": ""iad30s07-in-f4.1e100.net"", ""biosGUID"": """", ""SC_address"": ""tenablesc.eastus.cloudapp.azure.com"", ""lastAuthRun"": """", ""severityLow"": ""0"", ""severityHigh"": ""2"", ""netbiosName"": """", ""mcafeeGUID"": """"}",main,localhost,tenable:eventgen,tenable:sc:assets
"{""timestamp"":""06-04-2018 12:00:19"",""total"": ""27"", ""severityCritical"": ""2"", ""severityInfo"": ""23"", ""lastUnauthRun"": """", ""severityMedium"": ""0"", ""osCPE"": """", ""pluginSet"": """", ""tpmID"": """", ""macAddress"": """", ""score"": ""100"", ""repository"": {""description"": """", ""name"": ""repo"", ""id"": ""1""}, ""policyName"": """", ""ip"": ""12.3.0.19"", ""dnsName"": ""iad30s07-in-f4.1e100.net"", ""biosGUID"": """", ""SC_address"": ""tenablesc.eastus.cloudapp.azure.com"", ""lastAuthRun"": """", ""severityLow"": ""0"", ""severityHigh"": ""2"", ""netbiosName"": """", ""mcafeeGUID"": """"}",main,localhost,tenable:eventgen,tenable:sc:assets
"{""timestamp"":""06-04-2018 12:00:20"",""total"": ""27"", ""severityCritical"": ""2"", ""severityInfo"": ""23"", ""lastUnauthRun"": """", ""severityMedium"": ""0"", ""osCPE"": """", ""pluginSet"": """", ""tpmID"": """", ""macAddress"": """", ""score"": ""100"", ""repository"": {""description"": """", ""name"": ""repo"", ""id"": ""1""}, ""policyName"": """", ""ip"": ""12.3.0.20"", ""dnsName"": ""iad30s07-in-f4.1e100.net"", ""biosGUID"": """", ""SC_address"": ""tenablesc.eastus.cloudapp.azure.com"", ""lastAuthRun"": """", ""severityLow"": ""0"", ""severityHigh"": ""2"", ""netbiosName"": """", ""mcafeeGUID"": """"}",main,localhost,tenable:eventgen,tenable:sc:assets
"{""timestamp"":""06-04-2018 12:00:21"",""total"": ""27"", ""severityCritical"": ""2"", ""severityInfo"": ""23"", ""lastUnauthRun"": """", ""severityMedium"": ""0"", ""osCPE"": """", ""pluginSet"": """", ""tpmID"": """", ""macAddress"": """", ""score"": ""100"", ""repository"": {""description"": """", ""name"": ""repo"", ""id"": ""1""}, ""policyName"": """", ""ip"": ""12.3.0.21"", ""dnsName"": ""iad30s07-in-f4.1e100.net"", ""biosGUID"": """", ""SC_address"": ""tenablesc.eastus.cloudapp.azure.com"", ""lastAuthRun"": """", ""severityLow"": ""0"", ""severityHigh"": ""2"", ""netbiosName"": """", ""mcafeeGUID"": """"}",main,localhost,tenable:eventgen,tenable:sc:assets
"{""timestamp"":""06-04-2018 12:00:22"",""total"": ""27"", ""severityCritical"": ""2"", ""severityInfo"": ""23"", ""lastUnauthRun"": """", ""severityMedium"": ""0"", ""osCPE"": """", ""pluginSet"": """", ""tpmID"": """", ""macAddress"": """", ""score"": ""100"", ""repository"": {""description"": """", ""name"": ""repo"", ""id"": ""1""}, ""policyName"": """", ""ip"": ""12.3.0.22"", ""dnsName"": ""iad30s07-in-f4.1e100.net"", ""biosGUID"": """", ""SC_address"": ""tenablesc.eastus.cloudapp.azure.com"", ""lastAuthRun"": """", ""severityLow"": ""0"", ""severityHigh"": ""2"", ""netbiosName"": """", ""mcafeeGUID"": """"}",main,localhost,tenable:eventgen,tenable:sc:assets
"{""timestamp"":""06-04-2018 12:00:23"",""total"": ""27"", ""severityCritical"": ""2"", ""severityInfo"": ""23"", ""lastUnauthRun"": """", ""severityMedium"": ""0"", ""osCPE"": """", ""pluginSet"": """", ""tpmID"": """", ""macAddress"": """", ""score"": ""100"", ""repository"": {""description"": """", ""name"": ""repo"", ""id"": ""1""}, ""policyName"": """", ""ip"": ""12.3.0.23"", ""dnsName"": ""iad30s07-in-f4.1e100.net"", ""biosGUID"": """", ""SC_address"": ""tenablesc.eastus.cloudapp.azure.com"", ""lastAuthRun"": """", ""severityLow"": ""0"", ""severityHigh"": ""2"", ""netbiosName"": """", ""mcafeeGUID"": """"}",main,localhost,tenable:eventgen,tenable:sc:assets
"{""timestamp"":""06-04-2018 12:00:24"",""total"": ""27"", ""severityCritical"": ""2"", ""severityInfo"": ""23"", ""lastUnauthRun"": """", ""severityMedium"": ""0"", ""osCPE"": """", ""pluginSet"": """", ""tpmID"": """", ""macAddress"": """", ""score"": ""100"", ""repository"": {""description"": """", ""name"": ""repo"", ""id"": ""1""}, ""policyName"": """", ""ip"": ""12.3.0.24"", ""dnsName"": ""iad30s07-in-f4.1e100.net"", ""biosGUID"": """", ""SC_address"": ""tenablesc.eastus.cloudapp.azure.com"", ""lastAuthRun"": """", ""severityLow"": ""0"", ""severityHigh"": ""2"", ""netbiosName"": """", ""mcafeeGUID"": """"}",main,localhost,tenable:eventgen,tenable:sc:assets
"{""timestamp"":""06-04-2018 12:00:25"",""total"": ""27"", ""severityCritical"": ""2"", ""severityInfo"": ""23"", ""lastUnauthRun"": """", ""severityMedium"": ""0"", ""osCPE"": """", ""pluginSet"": """", ""tpmID"": """", ""macAddress"": """", ""score"": ""100"", ""repository"": {""description"": """", ""name"": ""repo"", ""id"": ""1""}, ""policyName"": """", ""ip"": ""12.3.0.25"", ""dnsName"": ""iad30s07-in-f4.1e100.net"", ""biosGUID"": """", ""SC_address"": ""tenablesc.eastus.cloudapp.azure.com"", ""lastAuthRun"": """", ""severityLow"": ""0"", ""severityHigh"": ""2"", ""netbiosName"": """", ""mcafeeGUID"": """"}",main,localhost,tenable:eventgen,tenable:sc:assets
"{""timestamp"":""06-04-2018 12:00:26"",""total"": ""27"", ""severityCritical"": ""2"", ""severityInfo"": ""23"", ""lastUnauthRun"": """", ""severityMedium"": ""0"", ""osCPE"": """", ""pluginSet"": """", ""tpmID"": """", ""macAddress"": """", ""score"": ""100"", ""repository"": {""description"": """", ""name"": ""repo"", ""id"": ""1""}, ""policyName"": """", ""ip"": ""12.3.0.26"", ""dnsName"": ""iad30s07-in-f4.1e100.net"", ""biosGUID"": """", ""SC_address"": ""tenablesc.eastus.cloudapp.azure.com"", ""lastAuthRun"": """", ""severityLow"": ""0"", ""severityHigh"": ""2"", ""netbiosName"": """", ""mcafeeGUID"": """"}",main,localhost,tenable:eventgen,tenable:sc:assets
"{""timestamp"":""06-04-2018 12:00:27"",""total"": ""27"", ""severityCritical"": ""2"", ""severityInfo"": ""23"", ""lastUnauthRun"": """", ""severityMedium"": ""0"", ""osCPE"": """", ""pluginSet"": """", ""tpmID"": """", ""macAddress"": """", ""score"": ""100"", ""repository"": {""description"": """", ""name"": ""repo"", ""id"": ""1""}, ""policyName"": """", ""ip"": ""12.3.0.27"", ""dnsName"": ""iad30s07-in-f4.1e100.net"", ""biosGUID"": """", ""SC_address"": ""tenablesc.eastus.cloudapp.azure.com"", ""lastAuthRun"": """", ""severityLow"": ""0"", ""severityHigh"": ""2"", ""netbiosName"": """", ""mcafeeGUID"": """"}",main,localhost,tenable:eventgen,tenable:sc:assets
"{""timestamp"":""06-04-2018 12:00:28"",""total"": ""27"", ""severityCritical"": ""2"", ""severityInfo"": ""23"", ""lastUnauthRun"": """", ""severityMedium"": ""0"", ""osCPE"": """", ""pluginSet"": """", ""tpmID"": """", ""macAddress"": """", ""score"": ""100"", ""repository"": {""description"": """", ""name"": ""repo"", ""id"": ""1""}, ""policyName"": """", ""ip"": ""12.3.0.28"", ""dnsName"": ""iad30s07-in-f4.1e100.net"", ""biosGUID"": """", ""SC_address"": ""tenablesc.eastus.cloudapp.azure.com"", ""lastAuthRun"": """", ""severityLow"": ""0"", ""severityHigh"": ""2"", ""netbiosName"": """", ""mcafeeGUID"": """"}",main,localhost,tenable:eventgen,tenable:sc:assets
"{""timestamp"":""06-04-2018 12:00:29"",""total"": ""27"", ""severityCritical"": ""2"", ""severityInfo"": ""23"", ""lastUnauthRun"": """", ""severityMedium"": ""0"", ""osCPE"": """", ""pluginSet"": """", ""tpmID"": """", ""macAddress"": """", ""score"": ""100"", ""repository"": {""description"": """", ""name"": ""repo"", ""id"": ""1""}, ""policyName"": """", ""ip"": ""12.3.0.29"", ""dnsName"": ""iad30s07-in-f4.1e100.net"", ""biosGUID"": """", ""SC_address"": ""tenablesc.eastus.cloudapp.azure.com"", ""lastAuthRun"": """", ""severityLow"": ""0"", ""severityHigh"": ""2"", ""netbiosName"": """", ""mcafeeGUID"": """"}",main,localhost,tenable:eventgen,tenable:sc:assets
"{""timestamp"":""06-04-2018 12:00:30"",""total"": ""27"", ""severityCritical"": ""2"", ""severityInfo"": ""23"", ""lastUnauthRun"": """", ""severityMedium"": ""0"", ""osCPE"": """", ""pluginSet"": """", ""tpmID"": """", ""macAddress"": """", ""score"": ""100"", ""repository"": {""description"": """", ""name"": ""repo"", ""id"": ""1""}, ""policyName"": """", ""ip"": ""12.3.0.30"", ""dnsName"": ""iad30s07-in-f4.1e100.net"", ""biosGUID"": """", ""SC_address"": ""tenablesc.eastus.cloudapp.azure.com"", ""lastAuthRun"": """", ""severityLow"": ""0"", ""severityHigh"": ""2"", ""netbiosName"": """", ""mcafeeGUID"": """"}",main,localhost,tenable:eventgen,tenable:sc:assets
"{""timestamp"":""06-04-2018 12:00:31"",""total"": ""27"", ""severityCritical"": ""2"", ""severityInfo"": ""23"", ""lastUnauthRun"": """", ""severityMedium"": ""0"", ""osCPE"": """", ""pluginSet"": """", ""tpmID"": """", ""macAddress"": """", ""score"": ""100"", ""repository"": {""description"": """", ""name"": ""repo"", ""id"": ""1""}, ""policyName"": """", ""ip"": ""12.3.0.31"", ""dnsName"": ""iad30s07-in-f4.1e100.net"", ""biosGUID"": """", ""SC_address"": ""tenablesc.eastus.cloudapp.azure.com"", ""lastAuthRun"": """", ""severityLow"": ""0"", ""severityHigh"": ""2"", ""netbiosName"": """", ""mcafeeGUID"": """"}",main,localhost,tenable:eventgen,tenable:sc:assets
"{""timestamp"":""06-04-2018 12:00:32"",""total"": ""27"", ""severityCritical"": ""2"", ""severityInfo"": ""23"", ""lastUnauthRun"": """", ""severityMedium"": ""0"", ""osCPE"": """", ""pluginSet"": """", ""tpmID"": """", ""macAddress"": """", ""score"": ""100"", ""repository"": {""description"": """", ""name"": ""repo"", ""id"": ""1""}, ""policyName"": """", ""ip"": ""12.3.0.32"", ""dnsName"": ""iad30s07-in-f4.1e100.net"", ""biosGUID"": """", ""SC_address"": ""tenablesc.eastus.cloudapp.azure.com"", ""lastAuthRun"": """", ""severityLow"": ""0"", ""severityHigh"": ""2"", ""netbiosName"": """", ""mcafeeGUID"": """"}",main,localhost,tenable:eventgen,tenable:sc:assets
"{""timestamp"":""06-04-2018 12:00:33"",""total"": ""27"", ""severityCritical"": ""2"", ""severityInfo"": ""23"", ""lastUnauthRun"": """", ""severityMedium"": ""0"", ""osCPE"": """", ""pluginSet"": """", ""tpmID"": """", ""macAddress"": """", ""score"": ""100"", ""repository"": {""description"": """", ""name"": ""repo"", ""id"": ""1""}, ""policyName"": """", ""ip"": ""12.3.0.33"", ""dnsName"": ""iad30s07-in-f4.1e100.net"", ""biosGUID"": """", ""SC_address"": ""tenablesc.eastus.cloudapp.azure.com"", ""lastAuthRun"": """", ""severityLow"": ""0"", ""severityHigh"": ""2"", ""netbiosName"": """", ""mcafeeGUID"": """"}",main,localhost,tenable:eventgen,tenable:sc:assets
"{""timestamp"":""06-04-2018 12:00:34"",""total"": ""27"", ""severityCritical"": ""2"", ""severityInfo"": ""23"", ""lastUnauthRun"": """", ""severityMedium"": ""0"", ""osCPE"": """", ""pluginSet"": """", ""tpmID"": """", ""macAddress"": """", ""score"": ""100"", ""repository"": {""description"": """", ""name"": ""repo"", ""id"": ""1""}, ""policyName"": """", ""ip"": ""12.3.0.34"", ""dnsName"": ""iad30s07-in-f4.1e100.net"", ""biosGUID"": """", ""SC_address"": ""tenablesc.eastus.cloudapp.azure.com"", ""lastAuthRun"": """", ""severityLow"": ""0"", ""severityHigh"": ""2"", ""netbiosName"": """", ""mcafeeGUID"": """"}",main,localhost,tenable:eventgen,tenable:sc:assets
"{""timestamp"":""06-04-2018 12:00:35"",""total"": ""27"", ""severityCritical"": ""2"", ""severityInfo"": ""23"", ""lastUnauthRun"": """", ""severityMedium"": ""0"", ""osCPE"": """", ""pluginSet"": """", ""tpmID"": """", ""macAddress"": """", ""score"": ""100"", ""repository"": {""description"": """", ""name"": ""repo"", ""id"": ""1""}, ""policyName"": """", ""ip"": ""12.3.0.35"", ""dnsName"": ""iad30s07-in-f4.1e100.net"", ""biosGUID"": """", ""SC_address"": ""tenablesc.eastus.cloudapp.azure.com"", ""lastAuthRun"": """", ""severityLow"": ""0"", ""severityHigh"": ""2"", ""netbiosName"": """", ""mcafeeGUID"": """"}",main,localhost,tenable:eventgen,tenable:sc:assets
"{""timestamp"":""06-04-2018 12:00:36"",""total"": ""27"", ""severityCritical"": ""2"", ""severityInfo"": ""23"", ""lastUnauthRun"": """", ""severityMedium"": ""0"", ""osCPE"": """", ""pluginSet"": """", ""tpmID"": """", ""macAddress"": """", ""score"": ""100"", ""repository"": {""description"": """", ""name"": ""repo"", ""id"": ""1""}, ""policyName"": """", ""ip"": ""12.3.0.36"", ""dnsName"": ""iad30s07-in-f4.1e100.net"", ""biosGUID"": """", ""SC_address"": ""tenablesc.eastus.cloudapp.azure.com"", ""lastAuthRun"": """", ""severityLow"": ""0"", ""severityHigh"": ""2"", ""netbiosName"": """", ""mcafeeGUID"": """"}",main,localhost,tenable:eventgen,tenable:sc:assets
"{""timestamp"":""06-04-2018 12:00:37"",""total"": ""27"", ""severityCritical"": ""2"", ""severityInfo"": ""23"", ""lastUnauthRun"": """", ""severityMedium"": ""0"", ""osCPE"": """", ""pluginSet"": """", ""tpmID"": """", ""macAddress"": """", ""score"": ""100"", ""repository"": {""description"": """", ""name"": ""repo"", ""id"": ""1""}, ""policyName"": """", ""ip"": ""12.3.0.37"", ""dnsName"": ""iad30s07-in-f4.1e100.net"", ""biosGUID"": """", ""SC_address"": ""tenablesc.eastus.cloudapp.azure.com"", ""lastAuthRun"": """", ""severityLow"": ""0"", ""severityHigh"": ""2"", ""netbiosName"": """", ""mcafeeGUID"": """"}",main,localhost,tenable:eventgen,tenable:sc:assets
"{""timestamp"":""06-04-2018 12:00:38"",""total"": ""27"", ""severityCritical"": ""2"", ""severityInfo"": ""23"", ""lastUnauthRun"": """", ""severityMedium"": ""0"", ""osCPE"": """", ""pluginSet"": """", ""tpmID"": """", ""macAddress"": """", ""score"": ""100"", ""repository"": {""description"": """", ""name"": ""repo"", ""id"": ""1""}, ""policyName"": """", ""ip"": ""12.3.0.38"", ""dnsName"": ""iad30s07-in-f4.1e100.net"", ""biosGUID"": """", ""SC_address"": ""tenablesc.eastus.cloudapp.azure.com"", ""lastAuthRun"": """", ""severityLow"": ""0"", ""severityHigh"": ""2"", ""netbiosName"": """", ""mcafeeGUID"": """"}",main,localhost,tenable:eventgen,tenable:sc:assets
"{""timestamp"":""06-04-2018 12:00:39"",""total"": ""27"", ""severityCritical"": ""2"", ""severityInfo"": ""23"", ""lastUnauthRun"": """", ""severityMedium"": ""0"", ""osCPE"": """", ""pluginSet"": """", ""tpmID"": """", ""macAddress"": """", ""score"": ""100"", ""repository"": {""description"": """", ""name"": ""repo"", ""id"": ""1""}, ""policyName"": """", ""ip"": ""12.3.0.39"", ""dnsName"": ""iad30s07-in-f4.1e100.net"", ""biosGUID"": """", ""SC_address"": ""tenablesc.eastus.cloudapp.azure.com"", ""lastAuthRun"": """", ""severityLow"": ""0"", ""severityHigh"": ""2"", ""netbiosName"": """", ""mcafeeGUID"": """"}",main,localhost,tenable:eventgen,tenable:sc:assets
"{""timestamp"":""06-04-2018 12:00:40"",""total"": ""27"", ""severityCritical"": ""2"", ""severityInfo"": ""23"", ""lastUnauthRun"": """", ""severityMedium"": ""0"", ""osCPE"": """", ""pluginSet"": """", ""tpmID"": """", ""macAddress"": """", ""score"": ""100"", ""repository"": {""description"": """", ""name"": ""repo"", ""id"": ""1""}, ""policyName"": """", ""ip"": ""12.3.0.40"", ""dnsName"": ""iad30s07-in-f4.1e100.net"", ""biosGUID"": """", ""SC_address"": ""tenablesc.eastus.cloudapp.azure.com"", ""lastAuthRun"": """", ""severityLow"": ""0"", ""severityHigh"": ""2"", ""netbiosName"": """", ""mcafeeGUID"": """"}",main,localhost,tenable:eventgen,tenable:sc:assets
"{""timestamp"":""06-04-2018 12:00:41"",""total"": ""27"", ""severityCritical"": ""2"", ""severityInfo"": ""23"", ""lastUnauthRun"": """", ""severityMedium"": ""0"", ""osCPE"": """", ""pluginSet"": """", ""tpmID"": """", ""macAddress"": """", ""score"": ""100"", ""repository"": {""description"": """", ""name"": ""repo"", ""id"": ""1""}, ""policyName"": """", ""ip"": ""12.3.0.41"", ""dnsName"": ""iad30s07-in-f4.1e100.net"", ""biosGUID"": """", ""SC_address"": ""tenablesc.eastus.cloudapp.azure.com"", ""lastAuthRun"": """", ""severityLow"": ""0"", ""severityHigh"": ""2"", ""netbiosName"": """", ""mcafeeGUID"": """"}",main,localhost,tenable:eventgen,tenable:sc:assets
"{""timestamp"":""06-04-2018 12:00:42"",""total"": ""27"", ""severityCritical"": ""2"", ""severityInfo"": ""23"", ""lastUnauthRun"": """", ""severityMedium"": ""0"", ""osCPE"": """", ""pluginSet"": """", ""tpmID"": """", ""macAddress"": """", ""score"": ""100"", ""repository"": {""description"": """", ""name"": ""repo"", ""id"": ""1""}, ""policyName"": """", ""ip"": ""12.3.0.42"", ""dnsName"": ""iad30s07-in-f4.1e100.net"", ""biosGUID"": """", ""SC_address"": ""tenablesc.eastus.cloudapp.azure.com"", ""lastAuthRun"": """", ""severityLow"": ""0"", ""severityHigh"": ""2"", ""netbiosName"": """", ""mcafeeGUID"": """"}",main,localhost,tenable:eventgen,tenable:sc:assets
"{""timestamp"":""06-04-2018 12:00:43"",""total"": ""27"", ""severityCritical"": ""2"", ""severityInfo"": ""23"", ""lastUnauthRun"": """", ""severityMedium"": ""0"", ""osCPE"": """", ""pluginSet"": """", ""tpmID"": """", ""macAddress"": """", ""score"": ""100"", ""repository"": {""description"": """", ""name"": ""repo"", ""id"": ""1""}, ""policyName"": """", ""ip"": ""12.3.0.43"", ""dnsName"": ""iad30s07-in-f4.1e100.net"", ""biosGUID"": """", ""SC_address"": ""tenablesc.eastus.cloudapp.azure.com"", ""lastAuthRun"": """", ""severityLow"": ""0"", ""severityHigh"": ""2"", ""netbiosName"": """", ""mcafeeGUID"": """"}",main,localhost,tenable:eventgen,tenable:sc:assets
"{""timestamp"":""06-04-2018 12:00:44"",""total"": ""27"", ""severityCritical"": ""2"", ""severityInfo"": ""23"", ""lastUnauthRun"": """", ""severityMedium"": ""0"", ""osCPE"": """", ""pluginSet"": """", ""tpmID"": """", ""macAddress"": """", ""score"": ""100"", ""repository"": {""description"": """", ""name"": ""repo"", ""id"": ""1""}, ""policyName"": """", ""ip"": ""12.3.0.44"", ""dnsName"": ""iad30s07-in-f4.1e100.net"", ""biosGUID"": """", ""SC_address"": ""tenablesc.eastus.cloudapp.azure.com"", ""lastAuthRun"": """", ""severityLow"": ""0"", ""severityHigh"": ""2"", ""netbiosName"": """", ""mcafeeGUID"": """"}",main,localhost,tenable:eventgen,tenable:sc:assets
"{""timestamp"":""06-04-2018 12:00:45"",""total"": ""27"", ""severityCritical"": ""2"", ""severityInfo"": ""23"", ""lastUnauthRun"": """", ""severityMedium"": ""0"", ""osCPE"": """", ""pluginSet"": """", ""tpmID"": """", ""macAddress"": """", ""score"": ""100"", ""repository"": {""description"": """", ""name"": ""repo"", ""id"": ""1""}, ""policyName"": """", ""ip"": ""12.3.0.45"", ""dnsName"": ""iad30s07-in-f4.1e100.net"", ""biosGUID"": """", ""SC_address"": ""tenablesc.eastus.cloudapp.azure.com"", ""lastAuthRun"": """", ""severityLow"": ""0"", ""severityHigh"": ""2"", ""netbiosName"": """", ""mcafeeGUID"": """"}",main,localhost,tenable:eventgen,tenable:sc:assets
"{""timestamp"":""06-04-2018 12:00:46"",""total"": ""27"", ""severityCritical"": ""2"", ""severityInfo"": ""23"", ""lastUnauthRun"": """", ""severityMedium"": ""0"", ""osCPE"": """", ""pluginSet"": """", ""tpmID"": """", ""macAddress"": """", ""score"": ""100"", ""repository"": {""description"": """", ""name"": ""repo"", ""id"": ""1""}, ""policyName"": """", ""ip"": ""12.3.0.46"", ""dnsName"": ""iad30s07-in-f4.1e100.net"", ""biosGUID"": """", ""SC_address"": ""tenablesc.eastus.cloudapp.azure.com"", ""lastAuthRun"": """", ""severityLow"": ""0"", ""severityHigh"": ""2"", ""netbiosName"": """", ""mcafeeGUID"": """"}",main,localhost,tenable:eventgen,tenable:sc:assets
"{""timestamp"":""06-04-2018 12:00:47"",""total"": ""27"", ""severityCritical"": ""2"", ""severityInfo"": ""23"", ""lastUnauthRun"": """", ""severityMedium"": ""0"", ""osCPE"": """", ""pluginSet"": """", ""tpmID"": """", ""macAddress"": """", ""score"": ""100"", ""repository"": {""description"": """", ""name"": ""repo"", ""id"": ""1""}, ""policyName"": """", ""ip"": ""12.3.0.47"", ""dnsName"": ""iad30s07-in-f4.1e100.net"", ""biosGUID"": """", ""SC_address"": ""tenablesc.eastus.cloudapp.azure.com"", ""lastAuthRun"": """", ""severityLow"": ""0"", ""severityHigh"": ""2"", ""netbiosName"": """", ""mcafeeGUID"": """"}",main,localhost,tenable:eventgen,tenable:sc:assets
"{""timestamp"":""06-04-2018 12:00:48"",""total"": ""27"", ""severityCritical"": ""2"", ""severityInfo"": ""23"", ""lastUnauthRun"": """", ""severityMedium"": ""0"", ""osCPE"": """", ""pluginSet"": """", ""tpmID"": """", ""macAddress"": """", ""score"": ""100"", ""repository"": {""description"": """", ""name"": ""repo"", ""id"": ""1""}, ""policyName"": """", ""ip"": ""12.3.0.48"", ""dnsName"": ""iad30s07-in-f4.1e100.net"", ""biosGUID"": """", ""SC_address"": ""tenablesc.eastus.cloudapp.azure.com"", ""lastAuthRun"": """", ""severityLow"": ""0"", ""severityHigh"": ""2"", ""netbiosName"": """", ""mcafeeGUID"": """"}",main,localhost,tenable:eventgen,tenable:sc:assets
"{""timestamp"":""06-04-2018 12:00:49"",""total"": ""27"", ""severityCritical"": ""2"", ""severityInfo"": ""23"", ""lastUnauthRun"": """", ""severityMedium"": ""0"", ""osCPE"": """", ""pluginSet"": """", ""tpmID"": """", ""macAddress"": """", ""score"": ""100"", ""repository"": {""description"": """", ""name"": ""repo"", ""id"": ""1""}, ""policyName"": """", ""ip"": ""12.3.0.49"", ""dnsName"": ""iad30s07-in-f4.1e100.net"", ""biosGUID"": """", ""SC_address"": ""tenablesc.eastus.cloudapp.azure.com"", ""lastAuthRun"": """", ""severityLow"": ""0"", ""severityHigh"": ""2"", ""netbiosName"": """", ""mcafeeGUID"": """"}",main,localhost,tenable:eventgen,tenable:sc:assets
"{""timestamp"":""06-04-2018 12:00:50"",""total"": ""27"", ""severityCritical"": ""2"", ""severityInfo"": ""23"", ""lastUnauthRun"": """", ""severityMedium"": ""0"", ""osCPE"": """", ""pluginSet"": """", ""tpmID"": """", ""macAddress"": """", ""score"": ""100"", ""repository"": {""description"": """", ""name"": ""repo"", ""id"": ""1""}, ""policyName"": """", ""ip"": ""12.3.0.50"", ""dnsName"": ""iad30s07-in-f4.1e100.net"", ""biosGUID"": """", ""SC_address"": ""tenablesc.eastus.cloudapp.azure.com"", ""lastAuthRun"": """", ""severityLow"": ""0"", ""severityHigh"": ""2"", ""netbiosName"": """", ""mcafeeGUID"": """"}",main,localhost,tenable:eventgen,tenable:sc:assets
"{""timestamp"":""06-04-2018 12:00:51"",""total"": ""27"", ""severityCritical"": ""2"", ""severityInfo"": ""23"", ""lastUnauthRun"": """", ""severityMedium"": ""0"", ""osCPE"": """", ""pluginSet"": """", ""tpmID"": """", ""macAddress"": """", ""score"": ""100"", ""repository"": {""description"": """", ""name"": ""repo"", ""id"": ""1""}, ""policyName"": """", ""ip"": ""12.3.0.51"", ""dnsName"": ""iad30s07-in-f4.1e100.net"", ""biosGUID"": """", ""SC_address"": ""tenablesc.eastus.cloudapp.azure.com"", ""lastAuthRun"": """", ""severityLow"": ""0"", ""severityHigh"": ""2"", ""netbiosName"": """", ""mcafeeGUID"": """"}",main,localhost,tenable:eventgen,tenable:sc:assets
"{""timestamp"":""06-04-2018 12:00:52"",""total"": ""27"", ""severityCritical"": ""2"", ""severityInfo"": ""23"", ""lastUnauthRun"": """", ""severityMedium"": ""0"", ""osCPE"": """", ""pluginSet"": """", ""tpmID"": """", ""macAddress"": """", ""score"": ""100"", ""repository"": {""description"": """", ""name"": ""repo"", ""id"": ""1""}, ""policyName"": """", ""ip"": ""12.3.0.52"", ""dnsName"": ""iad30s07-in-f4.1e100.net"", ""biosGUID"": """", ""SC_address"": ""tenablesc.eastus.cloudapp.azure.com"", ""lastAuthRun"": """", ""severityLow"": ""0"", ""severityHigh"": ""2"", ""netbiosName"": """", ""mcafeeGUID"": """"}",main,localhost,tenable:eventgen,tenable:sc:assets
"{""timestamp"":""06-04-2018 12:00:53"",""total"": ""27"", ""severityCritical"": ""2"", ""severityInfo"": ""23"", ""lastUnauthRun"": """", ""severityMedium"": ""0"", ""osCPE"": """", ""pluginSet"": """", ""tpmID"": """", ""macAddress"": """", ""score"": ""100"", ""repository"": {""description"": """", ""name"": ""repo"", ""id"": ""1""}, ""policyName"": """", ""ip"": ""12.3.0.53"", ""dnsName"": ""iad30s07-in-f4.1e100.net"", ""biosGUID"": """", ""SC_address"": ""tenablesc.eastus.cloudapp.azure.com"", ""lastAuthRun"": """", ""severityLow"": ""0"", ""severityHigh"": ""2"", ""netbiosName"": """", ""mcafeeGUID"": """"}",main,localhost,tenable:eventgen,tenable:sc:assets
"{""timestamp"":""06-04-2018 12:00:54"",""total"": ""27"", ""severityCritical"": ""2"", ""severityInfo"": ""23"", ""lastUnauthRun"": """", ""severityMedium"": ""0"", ""osCPE"": """", ""pluginSet"": """", ""tpmID"": """", ""macAddress"": """", ""score"": ""100"", ""repository"": {""description"": """", ""name"": ""repo"", ""id"": ""1""}, ""policyName"": """", ""ip"": ""12.3.0.54"", ""dnsName"": ""iad30s07-in-f4.1e100.net"", ""biosGUID"": """", ""SC_address"": ""tenablesc.eastus.cloudapp.azure.com"", ""lastAuthRun"": """", ""severityLow"": ""0"", ""severityHigh"": ""2"", ""netbiosName"": """", ""mcafeeGUID"": """"}",main,localhost,tenable:eventgen,tenable:sc:assets
"{""timestamp"":""06-04-2018 12:00:55"",""total"": ""27"", ""severityCritical"": ""2"", ""severityInfo"": ""23"", ""lastUnauthRun"": """", ""severityMedium"": ""0"", ""osCPE"": """", ""pluginSet"": """", ""tpmID"": """", ""macAddress"": """", ""score"": ""100"", ""repository"": {""description"": """", ""name"": ""repo"", ""id"": ""1""}, ""policyName"": """", ""ip"": ""12.3.0.55"", ""dnsName"": ""iad30s07-in-f4.1e100.net"", ""biosGUID"": """", ""SC_address"": ""tenablesc.eastus.cloudapp.azure.com"", ""lastAuthRun"": """", ""severityLow"": ""0"", ""severityHigh"": ""2"", ""netbiosName"": """", ""mcafeeGUID"": """"}",main,localhost,tenable:eventgen,tenable:sc:assets
"{""timestamp"":""06-04-2018 12:00:56"",""total"": ""27"", ""severityCritical"": ""2"", ""severityInfo"": ""23"", ""lastUnauthRun"": """", ""severityMedium"": ""0"", ""osCPE"": """", ""pluginSet"": """", ""tpmID"": """", ""macAddress"": """", ""score"": ""100"", ""repository"": {""description"": """", ""name"": ""repo"", ""id"": ""1""}, ""policyName"": """", ""ip"": ""12.3.0.56"", ""dnsName"": ""iad30s07-in-f4.1e100.net"", ""biosGUID"": """", ""SC_address"": ""tenablesc.eastus.cloudapp.azure.com"", ""lastAuthRun"": """", ""severityLow"": ""0"", ""severityHigh"": ""2"", ""netbiosName"": """", ""mcafeeGUID"": """"}",main,localhost,tenable:eventgen,tenable:sc:assets
"{""timestamp"":""06-04-2018 12:00:57"",""total"": ""27"", ""severityCritical"": ""2"", ""severityInfo"": ""23"", ""lastUnauthRun"": """", ""severityMedium"": ""0"", ""osCPE"": """", ""pluginSet"": """", ""tpmID"": """", ""macAddress"": """", ""score"": ""100"", ""repository"": {""description"": """", ""name"": ""repo"", ""id"": ""1""}, ""policyName"": """", ""ip"": ""12.3.0.57"", ""dnsName"": ""iad30s07-in-f4.1e100.net"", ""biosGUID"": """", ""SC_address"": ""tenablesc.eastus.cloudapp.azure.com"", ""lastAuthRun"": """", ""severityLow"": ""0"", ""severityHigh"": ""2"", ""netbiosName"": """", ""mcafeeGUID"": """"}",main,localhost,tenable:eventgen,tenable:sc:assets
"{""timestamp"":""06-04-2018 12:00:58"",""total"": ""27"", ""severityCritical"": ""2"", ""severityInfo"": ""23"", ""lastUnauthRun"": """", ""severityMedium"": ""0"", ""osCPE"": """", ""pluginSet"": """", ""tpmID"": """", ""macAddress"": """", ""score"": ""100"", ""repository"": {""description"": """", ""name"": ""repo"", ""id"": ""1""}, ""policyName"": """", ""ip"": ""12.3.0.58"", ""dnsName"": ""iad30s07-in-f4.1e100.net"", ""biosGUID"": """", ""SC_address"": ""tenablesc.eastus.cloudapp.azure.com"", ""lastAuthRun"": """", ""severityLow"": ""0"", ""severityHigh"": ""2"", ""netbiosName"": """", ""mcafeeGUID"": """"}",main,localhost,tenable:eventgen,tenable:sc:assets
"{""timestamp"":""06-04-2018 12:00:59"",""total"": ""27"", ""severityCritical"": ""2"", ""severityInfo"": ""23"", ""lastUnauthRun"": """", ""severityMedium"": ""0"", ""osCPE"": """", ""pluginSet"": """", ""tpmID"": """", ""macAddress"": """", ""score"": ""100"", ""repository"": {""description"": """", ""name"": ""repo"", ""id"": ""1""}, ""policyName"": """", ""ip"": ""12.3.0.59"", ""dnsName"": ""iad30s07-in-f4.1e100.net"", ""biosGUID"": """", ""SC_address"": ""tenablesc.eastus.cloudapp.azure.com"", ""lastAuthRun"": """", ""severityLow"": ""0"", ""severityHigh"": ""2"", ""netbiosName"": """", ""mcafeeGUID"": """"}",main,localhost,tenable:eventgen,tenable:sc:assets
"{""timestamp"":""06-04-2018 12:01:00"",""total"": ""27"", ""severityCritical"": ""2"", ""severityInfo"": ""23"", ""lastUnauthRun"": """", ""severityMedium"": ""0"", ""osCPE"": """", ""pluginSet"": """", ""tpmID"": """", ""macAddress"": """", ""score"": ""100"", ""repository"": {""description"": """", ""name"": ""repo"", ""id"": ""1""}, ""policyName"": """", ""ip"": ""12.3.0.60"", ""dnsName"": ""iad30s07-in-f4.1e100.net"", ""biosGUID"": """", ""SC_address"": ""tenablesc.eastus.cloudapp.azure.com"", ""lastAuthRun"": """", ""severityLow"": ""0"", ""severityHigh"": ""2"", ""netbiosName"": """", ""mcafeeGUID"": """"}",main,localhost,tenable:eventgen,tenable:sc:assets
"{""timestamp"":""06-04-2018 12:01:01"",""total"": ""27"", ""severityCritical"": ""2"", ""severityInfo"": ""23"", ""lastUnauthRun"": """", ""severityMedium"": ""0"", ""osCPE"": """", ""pluginSet"": """", ""tpmID"": """", ""macAddress"": """", ""score"": ""100"", ""repository"": {""description"": """", ""name"": ""repo"", ""id"": ""1""}, ""policyName"": """", ""ip"": ""12.3.0.61"", ""dnsName"": ""iad30s07-in-f4.1e100.net"", ""biosGUID"": """", ""SC_address"": ""tenablesc.eastus.cloudapp.azure.com"", ""lastAuthRun"": """", ""severityLow"": ""0"", ""severityHigh"": ""2"", ""netbiosName"": """", ""mcafeeGUID"": """"}",main,localhost,tenable:eventgen,tenable:sc:assets
"{""timestamp"":""06-04-2018 12:01:02"",""total"": ""27"", ""severityCritical"": ""2"", ""severityInfo"": ""23"", ""lastUnauthRun"": """", ""severityMedium"": ""0"", ""osCPE"": """", ""pluginSet"": """", ""tpmID"": """", ""macAddress"": """", ""score"": ""100"", ""repository"": {""description"": """", ""name"": ""repo"", ""id"": ""1""}, ""policyName"": """", ""ip"": ""12.3.0.62"", ""dnsName"": ""iad30s07-in-f4.1e100.net"", ""biosGUID"": """", ""SC_address"": ""tenablesc.eastus.cloudapp.azure.com"", ""lastAuthRun"": """", ""severityLow"": ""0"", ""severityHigh"": ""2"", ""netbiosName"": """", ""mcafeeGUID"": """"}",main,localhost,tenable:eventgen,tenable:sc:assets
"{""timestamp"":""06-04-2018 12:01:03"",""total"": ""27"", ""severityCritical"": ""2"", ""severityInfo"": ""23"", ""lastUnauthRun"": """", ""severityMedium"": ""0"", ""osCPE"": """", ""pluginSet"": """", ""tpmID"": """", ""macAddress"": """", ""score"": ""100"", ""repository"": {""description"": """", ""name"": ""repo"", ""id"": ""1""}, ""policyName"": """", ""ip"": ""12.3.0.63"", ""dnsName"": ""iad30s07-in-f4.1e100.net"", ""biosGUID"": """", ""SC_address"": ""tenablesc.eastus.cloudapp.azure.com"", ""lastAuthRun"": """", ""severityLow"": ""0"", ""severityHigh"": ""2"", ""netbiosName"": """", ""mcafeeGUID"": """"}",main,localhost,tenable:eventgen,tenable:sc:assets
"{""timestamp"":""06-04-2018 12:01:04"",""total"": ""27"", ""severityCritical"": ""2"", ""severityInfo"": ""23"", ""lastUnauthRun"": """", ""severityMedium"": ""0"", ""osCPE"": """", ""pluginSet"": """", ""tpmID"": """", ""macAddress"": """", ""score"": ""100"", ""repository"": {""description"": """", ""name"": ""repo"", ""id"": ""1""}, ""policyName"": """", ""ip"": ""12.3.0.64"", ""dnsName"": ""iad30s07-in-f4.1e100.net"", ""biosGUID"": """", ""SC_address"": ""tenablesc.eastus.cloudapp.azure.com"", ""lastAuthRun"": """", ""severityLow"": ""0"", ""severityHigh"": ""2"", ""netbiosName"": """", ""mcafeeGUID"": """"}",main,localhost,tenable:eventgen,tenable:sc:assets
"{""timestamp"":""06-04-2018 12:01:05"",""total"": ""27"", ""severityCritical"": ""2"", ""severityInfo"": ""23"", ""lastUnauthRun"": """", ""severityMedium"": ""0"", ""osCPE"": """", ""pluginSet"": """", ""tpmID"": """", ""macAddress"": """", ""score"": ""100"", ""repository"": {""description"": """", ""name"": ""repo"", ""id"": ""1""}, ""policyName"": """", ""ip"": ""12.3.0.65"", ""dnsName"": ""iad30s07-in-f4.1e100.net"", ""biosGUID"": """", ""SC_address"": ""tenablesc.eastus.cloudapp.azure.com"", ""lastAuthRun"": """", ""severityLow"": ""0"", ""severityHigh"": ""2"", ""netbiosName"": """", ""mcafeeGUID"": """"}",main,localhost,tenable:eventgen,tenable:sc:assets
"{""timestamp"":""06-04-2018 12:01:06"",""total"": ""27"", ""severityCritical"": ""2"", ""severityInfo"": ""23"", ""lastUnauthRun"": """", ""severityMedium"": ""0"", ""osCPE"": """", ""pluginSet"": """", ""tpmID"": """", ""macAddress"": """", ""score"": ""100"", ""repository"": {""description"": """", ""name"": ""repo"", ""id"": ""1""}, ""policyName"": """", ""ip"": ""12.3.0.66"", ""dnsName"": ""iad30s07-in-f4.1e100.net"", ""biosGUID"": """", ""SC_address"": ""tenablesc.eastus.cloudapp.azure.com"", ""lastAuthRun"": """", ""severityLow"": ""0"", ""severityHigh"": ""2"", ""netbiosName"": """", ""mcafeeGUID"": """"}",main,localhost,tenable:eventgen,tenable:sc:assets
"{""timestamp"":""06-04-2018 12:01:07"",""total"": ""27"", ""severityCritical"": ""2"", ""severityInfo"": ""23"", ""lastUnauthRun"": """", ""severityMedium"": ""0"", ""osCPE"": """", ""pluginSet"": """", ""tpmID"": """", ""macAddress"": """", ""score"": ""100"", ""repository"": {""description"": """", ""name"": ""repo"", ""id"": ""1""}, ""policyName"": """", ""ip"": ""12.3.0.67"", ""dnsName"": ""iad30s07-in-f4.1e100.net"", ""biosGUID"": """", ""SC_address"": ""tenablesc.eastus.cloudapp.azure.com"", ""lastAuthRun"": """", ""severityLow"": ""0"", ""severityHigh"": ""2"", ""netbiosName"": """", ""mcafeeGUID"": """"}",main,localhost,tenable:eventgen,tenable:sc:assets
"{""timestamp"":""06-04-2018 12:01:08"",""total"": ""27"", ""severityCritical"": ""2"", ""severityInfo"": ""23"", ""lastUnauthRun"": """", ""severityMedium"": ""0"", ""osCPE"": """", ""pluginSet"": """", ""tpmID"": """", ""macAddress"": """", ""score"": ""100"", ""repository"": {""description"": """", ""name"": ""repo"", ""id"": ""1""}, ""policyName"": """", ""ip"": ""12.3.0.68"", ""dnsName"": ""iad30s07-in-f4.1e100.net"", ""biosGUID"": """", ""SC_address"": ""tenablesc.eastus.cloudapp.azure.com"", ""lastAuthRun"": """", ""severityLow"": ""0"", ""severityHigh"": ""2"", ""netbiosName"": """", ""mcafeeGUID"": """"}",main,localhost,tenable:eventgen,tenable:sc:assets
"{""timestamp"":""06-04-2018 12:01:09"",""total"": ""27"", ""severityCritical"": ""2"", ""severityInfo"": ""23"", ""lastUnauthRun"": """", ""severityMedium"": ""0"", ""osCPE"": """", ""pluginSet"": """", ""tpmID"": """", ""macAddress"": """", ""score"": ""100"", ""repository"": {""description"": """", ""name"": ""repo"", ""id"": ""1""}, ""policyName"": """", ""ip"": ""12.3.0.69"", ""dnsName"": ""iad30s07-in-f4.1e100.net"", ""biosGUID"": """", ""SC_address"": ""tenablesc.eastus.cloudapp.azure.com"", ""lastAuthRun"": """", ""severityLow"": ""0"", ""severityHigh"": ""2"", ""netbiosName"": """", ""mcafeeGUID"": """"}",main,localhost,tenable:eventgen,tenable:sc:assets
"{""timestamp"":""06-04-2018 12:01:10"",""total"": ""27"", ""severityCritical"": ""2"", ""severityInfo"": ""23"", ""lastUnauthRun"": """", ""severityMedium"": ""0"", ""osCPE"": """", ""pluginSet"": """", ""tpmID"": """", ""macAddress"": """", ""score"": ""100"", ""repository"": {""description"": """", ""name"": ""repo"", ""id"": ""1""}, ""policyName"": """", ""ip"": ""12.3.0.70"", ""dnsName"": ""iad30s07-in-f4.1e100.net"", ""biosGUID"": """", ""SC_address"": ""tenablesc.eastus.cloudapp.azure.com"", ""lastAuthRun"": """", ""severityLow"": ""0"", ""severityHigh"": ""2"", ""netbiosName"": """", ""mcafeeGUID"": """"}",main,localhost,tenable:eventgen,tenable:sc:assets
"{""timestamp"":""06-04-2018 12:01:11"",""total"": ""27"", ""severityCritical"": ""2"", ""severityInfo"": ""23"", ""lastUnauthRun"": """", ""severityMedium"": ""0"", ""osCPE"": """", ""pluginSet"": """", ""tpmID"": """", ""macAddress"": """", ""score"": ""100"", ""repository"": {""description"": """", ""name"": ""repo"", ""id"": ""1""}, ""policyName"": """", ""ip"": ""12.3.0.71"", ""dnsName"": ""iad30s07-in-f4.1e100.net"", ""biosGUID"": """", ""SC_address"": ""tenablesc.eastus.cloudapp.azure.com"", ""lastAuthRun"": """", ""severityLow"": ""0"", ""severityHigh"": ""2"", ""netbiosName"": """", ""mcafeeGUID"": """"}",main,localhost,tenable:eventgen,tenable:sc:assets
"{""timestamp"":""06-04-2018 12:01:12"",""total"": ""27"", ""severityCritical"": ""2"", ""severityInfo"": ""23"", ""lastUnauthRun"": """", ""severityMedium"": ""0"", ""osCPE"": """", ""pluginSet"": """", ""tpmID"": """", ""macAddress"": """", ""score"": ""100"", ""repository"": {""description"": """", ""name"": ""repo"", ""id"": ""1""}, ""policyName"": """", ""ip"": ""12.3.0.72"", ""dnsName"": ""iad30s07-in-f4.1e100.net"", ""biosGUID"": """", ""SC_address"": ""tenablesc.eastus.cloudapp.azure.com"", ""lastAuthRun"": """", ""severityLow"": ""0"", ""severityHigh"": ""2"", ""netbiosName"": """", ""mcafeeGUID"": """"}",main,localhost,tenable:eventgen,tenable:sc:assets
"{""timestamp"":""06-04-2018 12:01:13"",""total"": ""27"", ""severityCritical"": ""2"", ""severityInfo"": ""23"", ""lastUnauthRun"": """", ""severityMedium"": ""0"", ""osCPE"": """", ""pluginSet"": """", ""tpmID"": """", ""macAddress"": """", ""score"": ""100"", ""repository"": {""description"": """", ""name"": ""repo"", ""id"": ""1""}, ""policyName"": """", ""ip"": ""12.3.0.73"", ""dnsName"": ""iad30s07-in-f4.1e100.net"", ""biosGUID"": """", ""SC_address"": ""tenablesc.eastus.cloudapp.azure.com"", ""lastAuthRun"": """", ""severityLow"": ""0"", ""severityHigh"": ""2"", ""netbiosName"": """", ""mcafeeGUID"": """"}",main,localhost,tenable:eventgen,tenable:sc:assets
"{""timestamp"":""06-04-2018 12:01:14"",""total"": ""27"", ""severityCritical"": ""2"", ""severityInfo"": ""23"", ""lastUnauthRun"": """", ""severityMedium"": ""0"", ""osCPE"": """", ""pluginSet"": """", ""tpmID"": """", ""macAddress"": """", ""score"": ""100"", ""repository"": {""description"": """", ""name"": ""repo"", ""id"": ""1""}, ""policyName"": """", ""ip"": ""12.3.0.74"", ""dnsName"": ""iad30s07-in-f4.1e100.net"", ""biosGUID"": """", ""SC_address"": ""tenablesc.eastus.cloudapp.azure.com"", ""lastAuthRun"": """", ""severityLow"": ""0"", ""severityHigh"": ""2"", ""netbiosName"": """", ""mcafeeGUID"": """"}",main,localhost,tenable:eventgen,tenable:sc:assets
"{""timestamp"":""06-04-2018 12:01:15"",""total"": ""27"", ""severityCritical"": ""2"", ""severityInfo"": ""23"", ""lastUnauthRun"": """", ""severityMedium"": ""0"", ""osCPE"": """", ""pluginSet"": """", ""tpmID"": """", ""macAddress"": """", ""score"": ""100"", ""repository"": {""description"": """", ""name"": ""repo"", ""id"": ""1""}, ""policyName"": """", ""ip"": ""12.3.0.75"", ""dnsName"": ""iad30s07-in-f4.1e100.net"", ""biosGUID"": """", ""SC_address"": ""tenablesc.eastus.cloudapp.azure.com"", ""lastAuthRun"": """", ""severityLow"": ""0"", ""severityHigh"": ""2"", ""netbiosName"": """", ""mcafeeGUID"": """"}",main,localhost,tenable:eventgen,tenable:sc:assets
"{""timestamp"":""06-04-2018 12:01:16"",""total"": ""27"", ""severityCritical"": ""2"", ""severityInfo"": ""23"", ""lastUnauthRun"": """", ""severityMedium"": ""0"", ""osCPE"": """", ""pluginSet"": """", ""tpmID"": """", ""macAddress"": """", ""score"": ""100"", ""repository"": {""description"": """", ""name"": ""repo"", ""id"": ""1""}, ""policyName"": """", ""ip"": ""12.3.0.76"", ""dnsName"": ""iad30s07-in-f4.1e100.net"", ""biosGUID"": """", ""SC_address"": ""tenablesc.eastus.cloudapp.azure.com"", ""lastAuthRun"": """", ""severityLow"": ""0"", ""severityHigh"": ""2"", ""netbiosName"": """", ""mcafeeGUID"": """"}",main,localhost,tenable:eventgen,tenable:sc:assets
"{""timestamp"":""06-04-2018 12:01:17"",""total"": ""27"", ""severityCritical"": ""2"", ""severityInfo"": ""23"", ""lastUnauthRun"": """", ""severityMedium"": ""0"", ""osCPE"": """", ""pluginSet"": """", ""tpmID"": """", ""macAddress"": """", ""score"": ""100"", ""repository"": {""description"": """", ""name"": ""repo"", ""id"": ""1""}, ""policyName"": """", ""ip"": ""12.3.0.77"", ""dnsName"": ""iad30s07-in-f4.1e100.net"", ""biosGUID"": """", ""SC_address"": ""tenablesc.eastus.cloudapp.azure.com"", ""lastAuthRun"": """", ""severityLow"": ""0"", ""severityHigh"": ""2"", ""netbiosName"": """", ""mcafeeGUID"": """"}",main,localhost,tenable:eventgen,tenable:sc:assets
"{""timestamp"":""06-04-2018 12:01:18"",""total"": ""27"", ""severityCritical"": ""2"", ""severityInfo"": ""23"", ""lastUnauthRun"": """", ""severityMedium"": ""0"", ""osCPE"": """", ""pluginSet"": """", ""tpmID"": """", ""macAddress"": """", ""score"": ""100"", ""repository"": {""description"": """", ""name"": ""repo"", ""id"": ""1""}, ""policyName"": """", ""ip"": ""12.3.0.78"", ""dnsName"": ""iad30s07-in-f4.1e100.net"", ""biosGUID"": """", ""SC_address"": ""tenablesc.eastus.cloudapp.azure.com"", ""lastAuthRun"": """", ""severityLow"": ""0"", ""severityHigh"": ""2"", ""netbiosName"": """", ""mcafeeGUID"": """"}",main,localhost,tenable:eventgen,tenable:sc:assets
"{""timestamp"":""06-04-2018 12:01:19"",""total"": ""27"", ""severityCritical"": ""2"", ""severityInfo"": ""23"", ""lastUnauthRun"": """", ""severityMedium"": ""0"", ""osCPE"": """", ""pluginSet"": """", ""tpmID"": """", ""macAddress"": """", ""score"": ""100"", ""repository"": {""description"": """", ""name"": ""repo"", ""id"": ""1""}, ""policyName"": """", ""ip"": ""12.3.0.79"", ""dnsName"": ""iad30s07-in-f4.1e100.net"", ""biosGUID"": """", ""SC_address"": ""tenablesc.eastus.cloudapp.azure.com"", ""lastAuthRun"": """", ""severityLow"": ""0"", ""severityHigh"": ""2"", ""netbiosName"": """", ""mcafeeGUID"": """"}",main,localhost,tenable:eventgen,tenable:sc:assets
"{""timestamp"":""06-04-2018 12:01:20"",""total"": ""27"", ""severityCritical"": ""2"", ""severityInfo"": ""23"", ""lastUnauthRun"": """", ""severityMedium"": ""0"", ""osCPE"": """", ""pluginSet"": """", ""tpmID"": """", ""macAddress"": """", ""score"": ""100"", ""repository"": {""description"": """", ""name"": ""repo"", ""id"": ""1""}, ""policyName"": """", ""ip"": ""12.3.0.80"", ""dnsName"": ""iad30s07-in-f4.1e100.net"", ""biosGUID"": """", ""SC_address"": ""tenablesc.eastus.cloudapp.azure.com"", ""lastAuthRun"": """", ""severityLow"": ""0"", ""severityHigh"": ""2"", ""netbiosName"": """", ""mcafeeGUID"": """"}",main,localhost,tenable:eventgen,tenable:sc:assets
"{""timestamp"":""06-04-2018 12:01:21"",""total"": ""27"", ""severityCritical"": ""2"", ""severityInfo"": ""23"", ""lastUnauthRun"": """", ""severityMedium"": ""0"", ""osCPE"": """", ""pluginSet"": """", ""tpmID"": """", ""macAddress"": """", ""score"": ""100"", ""repository"": {""description"": """", ""name"": ""repo"", ""id"": ""1""}, ""policyName"": """", ""ip"": ""12.3.0.81"", ""dnsName"": ""iad30s07-in-f4.1e100.net"", ""biosGUID"": """", ""SC_address"": ""tenablesc.eastus.cloudapp.azure.com"", ""lastAuthRun"": """", ""severityLow"": ""0"", ""severityHigh"": ""2"", ""netbiosName"": """", ""mcafeeGUID"": """"}",main,localhost,tenable:eventgen,tenable:sc:assets
"{""timestamp"":""06-04-2018 12:01:22"",""total"": ""27"", ""severityCritical"": ""2"", ""severityInfo"": ""23"", ""lastUnauthRun"": """", ""severityMedium"": ""0"", ""osCPE"": """", ""pluginSet"": """", ""tpmID"": """", ""macAddress"": """", ""score"": ""100"", ""repository"": {""description"": """", ""name"": ""repo"", ""id"": ""1""}, ""policyName"": """", ""ip"": ""12.3.0.82"", ""dnsName"": ""iad30s07-in-f4.1e100.net"", ""biosGUID"": """", ""SC_address"": ""tenablesc.eastus.cloudapp.azure.com"", ""lastAuthRun"": """", ""severityLow"": ""0"", ""severityHigh"": ""2"", ""netbiosName"": """", ""mcafeeGUID"": """"}",main,localhost,tenable:eventgen,tenable:sc:assets
"{""timestamp"":""06-04-2018 12:01:23"",""total"": ""27"", ""severityCritical"": ""2"", ""severityInfo"": ""23"", ""lastUnauthRun"": """", ""severityMedium"": ""0"", ""osCPE"": """", ""pluginSet"": """", ""tpmID"": """", ""macAddress"": """", ""score"": ""100"", ""repository"": {""description"": """", ""name"": ""repo"", ""id"": ""1""}, ""policyName"": """", ""ip"": ""12.3.0.83"", ""dnsName"": ""iad30s07-in-f4.1e100.net"", ""biosGUID"": """", ""SC_address"": ""tenablesc.eastus.cloudapp.azure.com"", ""lastAuthRun"": """", ""severityLow"": ""0"", ""severityHigh"": ""2"", ""netbiosName"": """", ""mcafeeGUID"": """"}",main,localhost,tenable:eventgen,tenable:sc:assets
"{""timestamp"":""06-04-2018 12:01:24"",""total"": ""27"", ""severityCritical"": ""2"", ""severityInfo"": ""23"", ""lastUnauthRun"": """", ""severityMedium"": ""0"", ""osCPE"": """", ""pluginSet"": """", ""tpmID"": """", ""macAddress"": """", ""score"": ""100"", ""repository"": {""description"": """", ""name"": ""repo"", ""id"": ""1""}, ""policyName"": """", ""ip"": ""12.3.0.84"", ""dnsName"": ""iad30s07-in-f4.1e100.net"", ""biosGUID"": """", ""SC_address"": ""tenablesc.eastus.cloudapp.azure.com"", ""lastAuthRun"": """", ""severityLow"": ""0"", ""severityHigh"": ""2"", ""netbiosName"": """", ""mcafeeGUID"": """"}",main,localhost,tenable:eventgen,tenable:sc:assets
"{""timestamp"":""06-04-2018 12:01:25"",""total"": ""27"", ""severityCritical"": ""2"", ""severityInfo"": ""23"", ""lastUnauthRun"": """", ""severityMedium"": ""0"", ""osCPE"": """", ""pluginSet"": """", ""tpmID"": """", ""macAddress"": """", ""score"": ""100"", ""repository"": {""description"": """", ""name"": ""repo"", ""id"": ""1""}, ""policyName"": """", ""ip"": ""12.3.0.85"", ""dnsName"": ""iad30s07-in-f4.1e100.net"", ""biosGUID"": """", ""SC_address"": ""tenablesc.eastus.cloudapp.azure.com"", ""lastAuthRun"": """", ""severityLow"": ""0"", ""severityHigh"": ""2"", ""netbiosName"": """", ""mcafeeGUID"": """"}",main,localhost,tenable:eventgen,tenable:sc:assets
"{""timestamp"":""06-04-2018 12:01:26"",""total"": ""27"", ""severityCritical"": ""2"", ""severityInfo"": ""23"", ""lastUnauthRun"": """", ""severityMedium"": ""0"", ""osCPE"": """", ""pluginSet"": """", ""tpmID"": """", ""macAddress"": """", ""score"": ""100"", ""repository"": {""description"": """", ""name"": ""repo"", ""id"": ""1""}, ""policyName"": """", ""ip"": ""12.3.0.86"", ""dnsName"": ""iad30s07-in-f4.1e100.net"", ""biosGUID"": """", ""SC_address"": ""tenablesc.eastus.cloudapp.azure.com"", ""lastAuthRun"": """", ""severityLow"": ""0"", ""severityHigh"": ""2"", ""netbiosName"": """", ""mcafeeGUID"": """"}",main,localhost,tenable:eventgen,tenable:sc:assets
"{""timestamp"":""06-04-2018 12:01:27"",""total"": ""27"", ""severityCritical"": ""2"", ""severityInfo"": ""23"", ""lastUnauthRun"": """", ""severityMedium"": ""0"", ""osCPE"": """", ""pluginSet"": """", ""tpmID"": """", ""macAddress"": """", ""score"": ""100"", ""repository"": {""description"": """", ""name"": ""repo"", ""id"": ""1""}, ""policyName"": """", ""ip"": ""12.3.0.87"", ""dnsName"": ""iad30s07-in-f4.1e100.net"", ""biosGUID"": """", ""SC_address"": ""tenablesc.eastus.cloudapp.azure.com"", ""lastAuthRun"": """", ""severityLow"": ""0"", ""severityHigh"": ""2"", ""netbiosName"": """", ""mcafeeGUID"": """"}",main,localhost,tenable:eventgen,tenable:sc:assets
"{""timestamp"":""06-04-2018 12:01:28"",""total"": ""27"", ""severityCritical"": ""2"", ""severityInfo"": ""23"", ""lastUnauthRun"": """", ""severityMedium"": ""0"", ""osCPE"": """", ""pluginSet"": """", ""tpmID"": """", ""macAddress"": """", ""score"": ""100"", ""repository"": {""description"": """", ""name"": ""repo"", ""id"": ""1""}, ""policyName"": """", ""ip"": ""12.3.0.88"", ""dnsName"": ""iad30s07-in-f4.1e100.net"", ""biosGUID"": """", ""SC_address"": ""tenablesc.eastus.cloudapp.azure.com"", ""lastAuthRun"": """", ""severityLow"": ""0"", ""severityHigh"": ""2"", ""netbiosName"": """", ""mcafeeGUID"": """"}",main,localhost,tenable:eventgen,tenable:sc:assets
"{""timestamp"":""06-04-2018 12:01:29"",""total"": ""27"", ""severityCritical"": ""2"", ""severityInfo"": ""23"", ""lastUnauthRun"": """", ""severityMedium"": ""0"", ""osCPE"": """", ""pluginSet"": """", ""tpmID"": """", ""macAddress"": """", ""score"": ""100"", ""repository"": {""description"": """", ""name"": ""repo"", ""id"": ""1""}, ""policyName"": """", ""ip"": ""12.3.0.89"", ""dnsName"": ""iad30s07-in-f4.1e100.net"", ""biosGUID"": """", ""SC_address"": ""tenablesc.eastus.cloudapp.azure.com"", ""lastAuthRun"": """", ""severityLow"": ""0"", ""severityHigh"": ""2"", ""netbiosName"": """", ""mcafeeGUID"": """"}",main,localhost,tenable:eventgen,tenable:sc:assets
"{""timestamp"":""06-04-2018 12:01:30"",""total"": ""27"", ""severityCritical"": ""2"", ""severityInfo"": ""23"", ""lastUnauthRun"": """", ""severityMedium"": ""0"", ""osCPE"": """", ""pluginSet"": """", ""tpmID"": """", ""macAddress"": """", ""score"": ""100"", ""repository"": {""description"": """", ""name"": ""repo"", ""id"": ""1""}, ""policyName"": """", ""ip"": ""12.3.0.90"", ""dnsName"": ""iad30s07-in-f4.1e100.net"", ""biosGUID"": """", ""SC_address"": ""tenablesc.eastus.cloudapp.azure.com"", ""lastAuthRun"": """", ""severityLow"": ""0"", ""severityHigh"": ""2"", ""netbiosName"": """", ""mcafeeGUID"": """"}",main,localhost,tenable:eventgen,tenable:sc:assets
"{""timestamp"":""06-04-2018 12:01:31"",""total"": ""27"", ""severityCritical"": ""2"", ""severityInfo"": ""23"", ""lastUnauthRun"": """", ""severityMedium"": ""0"", ""osCPE"": """", ""pluginSet"": """", ""tpmID"": """", ""macAddress"": """", ""score"": ""100"", ""repository"": {""description"": """", ""name"": ""repo"", ""id"": ""1""}, ""policyName"": """", ""ip"": ""12.3.0.91"", ""dnsName"": ""iad30s07-in-f4.1e100.net"", ""biosGUID"": """", ""SC_address"": ""tenablesc.eastus.cloudapp.azure.com"", ""lastAuthRun"": """", ""severityLow"": ""0"", ""severityHigh"": ""2"", ""netbiosName"": """", ""mcafeeGUID"": """"}",main,localhost,tenable:eventgen,tenable:sc:assets
"{""timestamp"":""06-04-2018 12:01:32"",""total"": ""27"", ""severityCritical"": ""2"", ""severityInfo"": ""23"", ""lastUnauthRun"": """", ""severityMedium"": ""0"", ""osCPE"": """", ""pluginSet"": """", ""tpmID"": """", ""macAddress"": """", ""score"": ""100"", ""repository"": {""description"": """", ""name"": ""repo"", ""id"": ""1""}, ""policyName"": """", ""ip"": ""12.3.0.92"", ""dnsName"": ""iad30s07-in-f4.1e100.net"", ""biosGUID"": """", ""SC_address"": ""tenablesc.eastus.cloudapp.azure.com"", ""lastAuthRun"": """", ""severityLow"": ""0"", ""severityHigh"": ""2"", ""netbiosName"": """", ""mcafeeGUID"": """"}",main,localhost,tenable:eventgen,tenable:sc:assets
"{""timestamp"":""06-04-2018 12:01:33"",""total"": ""27"", ""severityCritical"": ""2"", ""severityInfo"": ""23"", ""lastUnauthRun"": """", ""severityMedium"": ""0"", ""osCPE"": """", ""pluginSet"": """", ""tpmID"": """", ""macAddress"": """", ""score"": ""100"", ""repository"": {""description"": """", ""name"": ""repo"", ""id"": ""1""}, ""policyName"": """", ""ip"": ""12.3.0.93"", ""dnsName"": ""iad30s07-in-f4.1e100.net"", ""biosGUID"": """", ""SC_address"": ""tenablesc.eastus.cloudapp.azure.com"", ""lastAuthRun"": """", ""severityLow"": ""0"", ""severityHigh"": ""2"", ""netbiosName"": """", ""mcafeeGUID"": """"}",main,localhost,tenable:eventgen,tenable:sc:assets
"{""timestamp"":""06-04-2018 12:01:34"",""total"": ""27"", ""severityCritical"": ""2"", ""severityInfo"": ""23"", ""lastUnauthRun"": """", ""severityMedium"": ""0"", ""osCPE"": """", ""pluginSet"": """", ""tpmID"": """", ""macAddress"": """", ""score"": ""100"", ""repository"": {""description"": """", ""name"": ""repo"", ""id"": ""1""}, ""policyName"": """", ""ip"": ""12.3.0.94"", ""dnsName"": ""iad30s07-in-f4.1e100.net"", ""biosGUID"": """", ""SC_address"": ""tenablesc.eastus.cloudapp.azure.com"", ""lastAuthRun"": """", ""severityLow"": ""0"", ""severityHigh"": ""2"", ""netbiosName"": """", ""mcafeeGUID"": """"}",main,localhost,tenable:eventgen,tenable:sc:assets
"{""timestamp"":""06-04-2018 12:01:35"",""total"": ""27"", ""severityCritical"": ""2"", ""severityInfo"": ""23"", ""lastUnauthRun"": """", ""severityMedium"": ""0"", ""osCPE"": """", ""pluginSet"": """", ""tpmID"": """", ""macAddress"": """", ""score"": ""100"", ""repository"": {""description"": """", ""name"": ""repo"", ""id"": ""1""}, ""policyName"": """", ""ip"": ""12.3.0.95"", ""dnsName"": ""iad30s07-in-f4.1e100.net"", ""biosGUID"": """", ""SC_address"": ""tenablesc.eastus.cloudapp.azure.com"", ""lastAuthRun"": """", ""severityLow"": ""0"", ""severityHigh"": ""2"", ""netbiosName"": """", ""mcafeeGUID"": """"}",main,localhost,tenable:eventgen,tenable:sc:assets
"{""timestamp"":""06-04-2018 12:01:36"",""total"": ""27"", ""severityCritical"": ""2"", ""severityInfo"": ""23"", ""lastUnauthRun"": """", ""severityMedium"": ""0"", ""osCPE"": """", ""pluginSet"": """", ""tpmID"": """", ""macAddress"": """", ""score"": ""100"", ""repository"": {""description"": """", ""name"": ""repo"", ""id"": ""1""}, ""policyName"": """", ""ip"": ""12.3.0.96"", ""dnsName"": ""iad30s07-in-f4.1e100.net"", ""biosGUID"": """", ""SC_address"": ""tenablesc.eastus.cloudapp.azure.com"", ""lastAuthRun"": """", ""severityLow"": ""0"", ""severityHigh"": ""2"", ""netbiosName"": """", ""mcafeeGUID"": """"}",main,localhost,tenable:eventgen,tenable:sc:assets
"{""timestamp"":""06-04-2018 12:01:37"",""total"": ""27"", ""severityCritical"": ""2"", ""severityInfo"": ""23"", ""lastUnauthRun"": """", ""severityMedium"": ""0"", ""osCPE"": """", ""pluginSet"": """", ""tpmID"": """", ""macAddress"": """", ""score"": ""100"", ""repository"": {""description"": """", ""name"": ""repo"", ""id"": ""1""}, ""policyName"": """", ""ip"": ""12.3.0.97"", ""dnsName"": ""iad30s07-in-f4.1e100.net"", ""biosGUID"": """", ""SC_address"": ""tenablesc.eastus.cloudapp.azure.com"", ""lastAuthRun"": """", ""severityLow"": ""0"", ""severityHigh"": ""2"", ""netbiosName"": """", ""mcafeeGUID"": """"}",main,localhost,tenable:eventgen,tenable:sc:assets
"{""timestamp"":""06-04-2018 12:01:38"",""total"": ""27"", ""severityCritical"": ""2"", ""severityInfo"": ""23"", ""lastUnauthRun"": """", ""severityMedium"": ""0"", ""osCPE"": """", ""pluginSet"": """", ""tpmID"": """", ""macAddress"": """", ""score"": ""100"", ""repository"": {""description"": """", ""name"": ""repo"", ""id"": ""1""}, ""policyName"": """", ""ip"": ""12.3.0.98"", ""dnsName"": ""iad30s07-in-f4.1e100.net"", ""biosGUID"": """", ""SC_address"": ""tenablesc.eastus.cloudapp.azure.com"", ""lastAuthRun"": """", ""severityLow"": ""0"", ""severityHigh"": ""2"", ""netbiosName"": """", ""mcafeeGUID"": """"}",main,localhost,tenable:eventgen,tenable:sc:assets
"{""timestamp"":""06-04-2018 12:01:39"",""total"": ""27"", ""severityCritical"": ""2"", ""severityInfo"": ""23"", ""lastUnauthRun"": """", ""severityMedium"": ""0"", ""osCPE"": """", ""pluginSet"": """", ""tpmID"": """", ""macAddress"": """", ""score"": ""100"", ""repository"": {""description"": """", ""name"": ""repo"", ""id"": ""1""}, ""policyName"": """", ""ip"": ""12.3.0.99"", ""dnsName"": ""iad30s07-in-f4.1e100.net"", ""biosGUID"": """", ""SC_address"": ""tenablesc.eastus.cloudapp.azure.com"", ""lastAuthRun"": """", ""severityLow"": ""0"", ""severityHigh"": ""2"", ""netbiosName"": """", ""mcafeeGUID"": """"}",main,localhost,tenable:eventgen,tenable:sc:assets
"{""timestamp"":""06-04-2018 12:01:40"",""total"": ""27"", ""severityCritical"": ""2"", ""severityInfo"": ""23"", ""lastUnauthRun"": """", ""severityMedium"": ""0"", ""osCPE"": """", ""pluginSet"": """", ""tpmID"": """", ""macAddress"": """", ""score"": ""100"", ""repository"": {""description"": """", ""name"": ""repo"", ""id"": ""1""}, ""policyName"": """", ""ip"": ""12.3.0.100"", ""dnsName"": ""iad30s07-in-f4.1e100.net"", ""biosGUID"": """", ""SC_address"": ""tenablesc.eastus.cloudapp.azure.com"", ""lastAuthRun"": """", ""severityLow"": ""0"", ""severityHigh"": ""2"", ""netbiosName"": """", ""mcafeeGUID"": """"}",main,localhost,tenable:eventgen,tenable:sc:assets
