sid,search,"splunk_server","_time","is_realtime","event_count","exec_time","result_count","scan_count",status,"total_run_time","__mv_sid","__mv_search","__mv_splunk_server","__mv__time","__mv_is_realtime","__mv_event_count","__mv_exec_time","__mv_result_count","__mv_scan_count","__mv_status","__mv_total_run_time"
"1605496621.33","| copybuckets json=""{\""vixes\"": {}, \""providers\"": {}}""","prod-openpathus","1605496621.408459",0,0,1605496621,0,0,canceled,"0.28200000000000003",,,,,,,,,,,
"1605500221.38","| copybuckets json=""{\""vixes\"": {}, \""providers\"": {}}""","prod-openpathus","1605500221.010545",0,0,1605500221,0,0,canceled,"0.278",,,,,,,,,,,
"1605503820.43","| copybuckets json=""{\""vixes\"": {}, \""providers\"": {}}""","prod-openpathus","1605503820.703861",0,0,1605503820,0,0,canceled,"0.275",,,,,,,,,,,
"1605507420.48","| copybuckets json=""{\""vixes\"": {}, \""providers\"": {}}""","prod-openpathus","1605507420.448894",0,0,1605507420,0,0,canceled,"0.273",,,,,,,,,,,
"1605511020.53","| copybuckets json=""{\""vixes\"": {}, \""providers\"": {}}""","prod-openpathus","1605511020.936154",0,0,1605511020,0,0,canceled,"0.275",,,,,,,,,,,
"1605514620.58","| copybuckets json=""{\""vixes\"": {}, \""providers\"": {}}""","prod-openpathus","1605514620.725913",0,0,1605514620,0,0,canceled,"0.274",,,,,,,,,,,
"1605518220.63","| copybuckets json=""{\""vixes\"": {}, \""providers\"": {}}""","prod-openpathus","1605518220.494213",0,0,1605518220,0,0,canceled,"0.276",,,,,,,,,,,
"1605521821.68","| copybuckets json=""{\""vixes\"": {}, \""providers\"": {}}""","prod-openpathus","1605521821.230938",0,0,1605521821,0,0,canceled,"0.273",,,,,,,,,,,
"1605525420.73","| copybuckets json=""{\""vixes\"": {}, \""providers\"": {}}""","prod-openpathus","1605525420.957330",0,0,1605525420,0,0,canceled,"0.277",,,,,,,,,,,
"1605529020.78","| copybuckets json=""{\""vixes\"": {}, \""providers\"": {}}""","prod-openpathus","1605529020.699350",0,0,1605529020,0,0,canceled,"0.28200000000000003",,,,,,,,,,,
"1605532620.83","| copybuckets json=""{\""vixes\"": {}, \""providers\"": {}}""","prod-openpathus","1605532620.433157",0,0,1605532620,0,0,canceled,"0.28200000000000003",,,,,,,,,,,
"1605536221.88","| copybuckets json=""{\""vixes\"": {}, \""providers\"": {}}""","prod-openpathus","1605536221.162541",0,0,1605536221,0,0,canceled,"0.28500000000000003",,,,,,,,,,,
"1605539820.93","| copybuckets json=""{\""vixes\"": {}, \""providers\"": {}}""","prod-openpathus","1605539820.722852",0,0,1605539820,0,0,canceled,"0.29",,,,,,,,,,,
"1605543421.98","| copybuckets json=""{\""vixes\"": {}, \""providers\"": {}}""","prod-openpathus","1605543421.236283",0,0,1605543421,0,0,canceled,"0.28800000000000003",,,,,,,,,,,
"1605547020.103","| copybuckets json=""{\""vixes\"": {}, \""providers\"": {}}""","prod-openpathus","1605547020.673071",0,0,1605547020,0,0,canceled,"0.28200000000000003",,,,,,,,,,,
"1605550620.108","| copybuckets json=""{\""vixes\"": {}, \""providers\"": {}}""","prod-openpathus","1605550620.610786",0,0,1605550620,0,0,canceled,"0.28500000000000003",,,,,,,,,,,
"1605554220.113","| copybuckets json=""{\""vixes\"": {}, \""providers\"": {}}""","prod-openpathus","1605554220.562070",0,0,1605554220,0,0,canceled,"0.28400000000000003",,,,,,,,,,,
"1605557820.118","| copybuckets json=""{\""vixes\"": {}, \""providers\"": {}}""","prod-openpathus","1605557820.470903",0,0,1605557820,0,0,canceled,"0.28200000000000003",,,,,,,,,,,
"1605561421.123","| copybuckets json=""{\""vixes\"": {}, \""providers\"": {}}""","prod-openpathus","1605561421.194903",0,0,1605561421,0,0,canceled,"0.28600000000000003",,,,,,,,,,,
"1605565020.128","| copybuckets json=""{\""vixes\"": {}, \""providers\"": {}}""","prod-openpathus","1605565020.958857",0,0,1605565021,0,0,canceled,"0.28200000000000003",,,,,,,,,,,
"1605568620.133","| copybuckets json=""{\""vixes\"": {}, \""providers\"": {}}""","prod-openpathus","1605568620.706835",0,0,1605568620,0,0,canceled,"0.28200000000000003",,,,,,,,,,,
"1605572221.138","| copybuckets json=""{\""vixes\"": {}, \""providers\"": {}}""","prod-openpathus","1605572221.189118",0,0,1605572221,0,0,canceled,"0.276",,,,,,,,,,,
"1605575821.143","| copybuckets json=""{\""vixes\"": {}, \""providers\"": {}}""","prod-openpathus","1605575821.134493",0,0,1605575821,0,0,canceled,"0.275",,,,,,,,,,,
"1605579420.148","| copybuckets json=""{\""vixes\"": {}, \""providers\"": {}}""","prod-openpathus","1605579420.775374",0,0,1605579420,0,0,canceled,"0.274",,,,,,,,,,,
"1605583021.182","| copybuckets json=""{\""vixes\"": {}, \""providers\"": {}}""","prod-openpathus","1605583021.266725",0,0,1605583021,0,0,canceled,"0.279",,,,,,,,,,,
"1605586621.187","| copybuckets json=""{\""vixes\"": {}, \""providers\"": {}}""","prod-openpathus","1605586621.046070",0,0,1605586621,0,0,canceled,"0.28",,,,,,,,,,,
"1605590220.192","| copybuckets json=""{\""vixes\"": {}, \""providers\"": {}}""","prod-openpathus","1605590220.801307",0,0,1605590220,0,0,canceled,"0.275",,,,,,,,,,,
"1605593820.197","| copybuckets json=""{\""vixes\"": {}, \""providers\"": {}}""","prod-openpathus","1605593820.537505",0,0,1605593820,0,0,canceled,"0.28400000000000003",,,,,,,,,,,
"1605597420.202","| copybuckets json=""{\""vixes\"": {}, \""providers\"": {}}""","prod-openpathus","1605597420.622046",0,0,1605597420,0,0,canceled,"0.279",,,,,,,,,,,
"1605601021.207","| copybuckets json=""{\""vixes\"": {}, \""providers\"": {}}""","prod-openpathus","1605601021.133388",0,0,1605601021,0,0,canceled,"0.273",,,,,,,,,,,
"1605604621.212","| copybuckets json=""{\""vixes\"": {}, \""providers\"": {}}""","prod-openpathus","1605604621.018850",0,0,1605604621,0,0,canceled,"0.279",,,,,,,,,,,
"1605608220.217","| copybuckets json=""{\""vixes\"": {}, \""providers\"": {}}""","prod-openpathus","1605608220.702633",0,0,1605608220,0,0,canceled,"0.279",,,,,,,,,,,
"1605611820.222","| copybuckets json=""{\""vixes\"": {}, \""providers\"": {}}""","prod-openpathus","1605611820.589338",0,0,1605611820,0,0,canceled,"0.276",,,,,,,,,,,
"1605615420.227","| copybuckets json=""{\""vixes\"": {}, \""providers\"": {}}""","prod-openpathus","1605615420.433376",0,0,1605615420,0,0,canceled,"0.281",,,,,,,,,,,
"1605619021.232","| copybuckets json=""{\""vixes\"": {}, \""providers\"": {}}""","prod-openpathus","1605619021.277517",0,0,1605619021,0,0,canceled,"0.28800000000000003",,,,,,,,,,,
"1605622621.237","| copybuckets json=""{\""vixes\"": {}, \""providers\"": {}}""","prod-openpathus","1605622621.116732",0,0,1605622621,0,0,canceled,"0.294",,,,,,,,,,,
"1605626220.242","| copybuckets json=""{\""vixes\"": {}, \""providers\"": {}}""","prod-openpathus","1605626220.581170",0,0,1605626220,0,0,canceled,"0.28",,,,,,,,,,,
"1605629821.247","| copybuckets json=""{\""vixes\"": {}, \""providers\"": {}}""","prod-openpathus","1605629821.078473",0,0,1605629821,0,0,canceled,"0.28700000000000003",,,,,,,,,,,
"1605633421.252","| copybuckets json=""{\""vixes\"": {}, \""providers\"": {}}""","prod-openpathus","1605633421.402196",0,0,1605633421,0,0,canceled,"0.28300000000000003",,,,,,,,,,,
"1605637021.257","| copybuckets json=""{\""vixes\"": {}, \""providers\"": {}}""","prod-openpathus","1605637021.211127",0,0,1605637021,0,0,canceled,"0.28700000000000003",,,,,,,,,,,
"1605640620.262","| copybuckets json=""{\""vixes\"": {}, \""providers\"": {}}""","prod-openpathus","1605640620.544493",0,0,1605640620,0,0,canceled,"0.289",,,,,,,,,,,
"1605644221.267","| copybuckets json=""{\""vixes\"": {}, \""providers\"": {}}""","prod-openpathus","1605644221.088732",0,0,1605644221,0,0,canceled,"0.28200000000000003",,,,,,,,,,,
"1605647820.272","| copybuckets json=""{\""vixes\"": {}, \""providers\"": {}}""","prod-openpathus","1605647820.634658",0,0,1605647820,0,0,canceled,"0.28500000000000003",,,,,,,,,,,
"1605651420.277","| copybuckets json=""{\""vixes\"": {}, \""providers\"": {}}""","prod-openpathus","1605651420.475986",0,0,1605651420,0,0,canceled,"0.292",,,,,,,,,,,
"1605655020.282","| copybuckets json=""{\""vixes\"": {}, \""providers\"": {}}""","prod-openpathus","1605655020.599315",0,0,1605655020,0,0,canceled,"0.279",,,,,,,,,,,
"1605658621.287","| copybuckets json=""{\""vixes\"": {}, \""providers\"": {}}""","prod-openpathus","1605658621.111746",0,0,1605658621,0,0,canceled,"0.28800000000000003",,,,,,,,,,,
"1605662221.292","| copybuckets json=""{\""vixes\"": {}, \""providers\"": {}}""","prod-openpathus","1605662221.065215",0,0,1605662221,0,0,canceled,"0.281",,,,,,,,,,,
"1605665820.317","| copybuckets json=""{\""vixes\"": {}, \""providers\"": {}}""","prod-openpathus","1605665820.965606",0,0,1605665821,0,0,canceled,"0.275",,,,,,,,,,,
"1605669420.385","| copybuckets json=""{\""vixes\"": {}, \""providers\"": {}}""","prod-openpathus","1605669420.866455",0,0,1605669420,0,0,canceled,"0.277",,,,,,,,,,,
"1605673020.390","| copybuckets json=""{\""vixes\"": {}, \""providers\"": {}}""","prod-openpathus","1605673020.724288",0,0,1605673020,0,0,canceled,"0.278",,,,,,,,,,,
"1605676621.3","| copybuckets json=""{\""vixes\"": {}, \""providers\"": {}}""","prod-openpathus","1605676621.113400",0,0,1605676621,0,0,canceled,"0.281",,,,,,,,,,,
"1605680220.9","| copybuckets json=""{\""vixes\"": {}, \""providers\"": {}}""","prod-openpathus","1605680220.749936",0,0,1605680220,0,0,canceled,"0.276",,,,,,,,,,,
"1605683821.14","| copybuckets json=""{\""vixes\"": {}, \""providers\"": {}}""","prod-openpathus","1605683821.088810",0,0,1605683821,0,0,canceled,"0.275",,,,,,,,,,,
"1605687421.19","| copybuckets json=""{\""vixes\"": {}, \""providers\"": {}}""","prod-openpathus","1605687421.412754",0,0,1605687421,0,0,canceled,"0.28400000000000003",,,,,,,,,,,
"1605691020.24","| copybuckets json=""{\""vixes\"": {}, \""providers\"": {}}""","prod-openpathus","1605691020.723513",0,0,1605691020,0,0,canceled,"0.281",,,,,,,,,,,
"1605694621.29","| copybuckets json=""{\""vixes\"": {}, \""providers\"": {}}""","prod-openpathus","1605694621.010791",0,0,1605694621,0,0,canceled,"0.28",,,,,,,,,,,
"1605698221.34","| copybuckets json=""{\""vixes\"": {}, \""providers\"": {}}""","prod-openpathus","1605698221.271694",0,0,1605698221,0,0,canceled,"0.275",,,,,,,,,,,
"1605701820.39","| copybuckets json=""{\""vixes\"": {}, \""providers\"": {}}""","prod-openpathus","1605701820.718624",0,0,1605701820,0,0,canceled,"0.28",,,,,,,,,,,
"1605705421.44","| copybuckets json=""{\""vixes\"": {}, \""providers\"": {}}""","prod-openpathus","1605705421.242050",0,0,1605705421,0,0,canceled,"0.279",,,,,,,,,,,
"1605709020.5","| copybuckets json=""{\""vixes\"": {}, \""providers\"": {}}""","prod-openpathus","1605709020.853312",0,0,1605709020,0,0,canceled,"0.278",,,,,,,,,,,
"1605712621.10","| copybuckets json=""{\""vixes\"": {}, \""providers\"": {}}""","prod-openpathus","1605712621.064073",0,0,1605712621,0,0,canceled,"0.296",,,,,,,,,,,
"1605716221.15","| copybuckets json=""{\""vixes\"": {}, \""providers\"": {}}""","prod-openpathus","1605716221.394058",0,0,1605716221,0,0,canceled,"0.291",,,,,,,,,,,
"1605719820.20","| copybuckets json=""{\""vixes\"": {}, \""providers\"": {}}""","prod-openpathus","1605719820.466638",0,0,1605719820,0,0,canceled,"0.29",,,,,,,,,,,
"1605723420.36","| copybuckets json=""{\""vixes\"": {}, \""providers\"": {}}""","prod-openpathus","1605723420.982735",0,0,1605723421,0,0,canceled,"0.28500000000000003",,,,,,,,,,,
"1605727021.41","| copybuckets json=""{\""vixes\"": {}, \""providers\"": {}}""","prod-openpathus","1605727021.428365",0,0,1605727021,0,0,canceled,"0.28800000000000003",,,,,,,,,,,
"1605730620.46","| copybuckets json=""{\""vixes\"": {}, \""providers\"": {}}""","prod-openpathus","1605730620.639755",0,0,1605730620,0,0,canceled,"0.281",,,,,,,,,,,
"1605734220.51","| copybuckets json=""{\""vixes\"": {}, \""providers\"": {}}""","prod-openpathus","1605734220.850482",0,0,1605734220,0,0,canceled,"0.28400000000000003",,,,,,,,,,,
"1605737821.56","| copybuckets json=""{\""vixes\"": {}, \""providers\"": {}}""","prod-openpathus","1605737821.256358",0,0,1605737821,0,0,canceled,"0.28600000000000003",,,,,,,,,,,
"1605741421.61","| copybuckets json=""{\""vixes\"": {}, \""providers\"": {}}""","prod-openpathus","1605741421.264815",0,0,1605741421,0,0,canceled,"0.279",,,,,,,,,,,
"1605745020.66","| copybuckets json=""{\""vixes\"": {}, \""providers\"": {}}""","prod-openpathus","1605745020.475369",0,0,1605745020,0,0,canceled,"0.28",,,,,,,,,,,
"1605748620.71","| copybuckets json=""{\""vixes\"": {}, \""providers\"": {}}""","prod-openpathus","1605748620.731159",0,0,1605748620,0,0,canceled,"0.273",,,,,,,,,,,
"1605752221.76","| copybuckets json=""{\""vixes\"": {}, \""providers\"": {}}""","prod-openpathus","1605752221.220559",0,0,1605752221,0,0,canceled,"0.28",,,,,,,,,,,
"1605755820.110","| copybuckets json=""{\""vixes\"": {}, \""providers\"": {}}""","prod-openpathus","1605755820.704034",0,0,1605755820,0,0,canceled,"0.276",,,,,,,,,,,
"1605759420.115","| copybuckets json=""{\""vixes\"": {}, \""providers\"": {}}""","prod-openpathus","1605759420.992457",0,0,1605759421,0,0,canceled,"0.28800000000000003",,,,,,,,,,,
"1605763020.120","| copybuckets json=""{\""vixes\"": {}, \""providers\"": {}}""","prod-openpathus","1605763020.786456",0,0,1605763020,0,0,canceled,"0.28800000000000003",,,,,,,,,,,
"1605766621.125","| copybuckets json=""{\""vixes\"": {}, \""providers\"": {}}""","prod-openpathus","1605766621.298579",0,0,1605766621,0,0,canceled,"0.277",,,,,,,,,,,
"1605770221.130","| copybuckets json=""{\""vixes\"": {}, \""providers\"": {}}""","prod-openpathus","1605770221.121555",0,0,1605770221,0,0,canceled,"0.28300000000000003",,,,,,,,,,,
"1605773820.176","| copybuckets json=""{\""vixes\"": {}, \""providers\"": {}}""","prod-openpathus","1605773820.456071",0,0,1605773820,0,0,canceled,"0.279",,,,,,,,,,,
"1605777420.191","| copybuckets json=""{\""vixes\"": {}, \""providers\"": {}}""","prod-openpathus","1605777420.742547",0,0,1605777420,0,0,canceled,"0.277",,,,,,,,,,,
"1605781020.196","| copybuckets json=""{\""vixes\"": {}, \""providers\"": {}}""","prod-openpathus","1605781020.992617",0,0,1605781021,0,0,canceled,"0.276",,,,,,,,,,,
"1605784621.201","| copybuckets json=""{\""vixes\"": {}, \""providers\"": {}}""","prod-openpathus","1605784621.227950",0,0,1605784621,0,0,canceled,"0.28200000000000003",,,,,,,,,,,
"1605788220.206","| copybuckets json=""{\""vixes\"": {}, \""providers\"": {}}""","prod-openpathus","1605788220.888742",0,0,1605788220,0,0,canceled,"0.28500000000000003",,,,,,,,,,,
"1605791820.211","| copybuckets json=""{\""vixes\"": {}, \""providers\"": {}}""","prod-openpathus","1605791820.749883",0,0,1605791820,0,0,canceled,"0.28500000000000003",,,,,,,,,,,
"1605795421.216","| copybuckets json=""{\""vixes\"": {}, \""providers\"": {}}""","prod-openpathus","1605795421.261655",0,0,1605795421,0,0,canceled,"0.28600000000000003",,,,,,,,,,,
"1605799021.221","| copybuckets json=""{\""vixes\"": {}, \""providers\"": {}}""","prod-openpathus","1605799021.363694",0,0,1605799021,0,0,canceled,"0.289",,,,,,,,,,,
"1605802621.226","| copybuckets json=""{\""vixes\"": {}, \""providers\"": {}}""","prod-openpathus","1605802621.241617",0,0,1605802621,0,0,canceled,"0.289",,,,,,,,,,,
"1605806221.231","| copybuckets json=""{\""vixes\"": {}, \""providers\"": {}}""","prod-openpathus","1605806221.092319",0,0,1605806221,0,0,canceled,"0.29",,,,,,,,,,,
"1605809820.236","| copybuckets json=""{\""vixes\"": {}, \""providers\"": {}}""","prod-openpathus","1605809820.933101",0,0,1605809820,0,0,canceled,"0.289",,,,,,,,,,,
"1605813421.241","| copybuckets json=""{\""vixes\"": {}, \""providers\"": {}}""","prod-openpathus","1605813421.266430",0,0,1605813421,0,0,canceled,"0.295",,,,,,,,,,,
"1605817021.246","| copybuckets json=""{\""vixes\"": {}, \""providers\"": {}}""","prod-openpathus","1605817021.368199",0,0,1605817021,0,0,canceled,"0.29",,,,,,,,,,,
"1605820621.251","| copybuckets json=""{\""vixes\"": {}, \""providers\"": {}}""","prod-openpathus","1605820621.235353",0,0,1605820621,0,0,canceled,"0.28500000000000003",,,,,,,,,,,
"1605824221.256","| copybuckets json=""{\""vixes\"": {}, \""providers\"": {}}""","prod-openpathus","1605824221.020139",0,0,1605824221,0,0,canceled,"0.28200000000000003",,,,,,,,,,,
"1605827820.261","| copybuckets json=""{\""vixes\"": {}, \""providers\"": {}}""","prod-openpathus","1605827820.727416",0,0,1605827820,0,0,canceled,"0.278",,,,,,,,,,,
"1605831421.266","| copybuckets json=""{\""vixes\"": {}, \""providers\"": {}}""","prod-openpathus","1605831421.368947",0,0,1605831421,0,0,canceled,"0.28600000000000003",,,,,,,,,,,
"1605835020.271","| copybuckets json=""{\""vixes\"": {}, \""providers\"": {}}""","prod-openpathus","1605835020.981312",0,0,1605835021,0,0,canceled,"0.277",,,,,,,,,,,
"1605838620.277","| copybuckets json=""{\""vixes\"": {}, \""providers\"": {}}""","prod-openpathus","1605838620.625380",0,0,1605838620,0,0,canceled,"0.28300000000000003",,,,,,,,,,,
"1605842221.344","| copybuckets json=""{\""vixes\"": {}, \""providers\"": {}}""","prod-openpathus","1605842221.051770",0,0,1605842221,0,0,canceled,"0.277",,,,,,,,,,,
"1605845820.386","| copybuckets json=""{\""vixes\"": {}, \""providers\"": {}}""","prod-openpathus","1605845820.983535",0,0,1605845821,0,0,canceled,"0.278",,,,,,,,,,,
"1605849420.391","| copybuckets json=""{\""vixes\"": {}, \""providers\"": {}}""","prod-openpathus","1605849420.874172",0,0,1605849420,0,0,canceled,"0.277",,,,,,,,,,,
"1605853020.396","| copybuckets json=""{\""vixes\"": {}, \""providers\"": {}}""","prod-openpathus","1605853020.755124",0,0,1605853020,0,0,canceled,"0.276",,,,,,,,,,,
"1605856620.401","| copybuckets json=""{\""vixes\"": {}, \""providers\"": {}}""","prod-openpathus","1605856620.612479",0,0,1605856620,0,0,canceled,"0.278",,,,,,,,,,,
"1605860221.406","| copybuckets json=""{\""vixes\"": {}, \""providers\"": {}}""","prod-openpathus","1605860221.436274",0,0,1605860221,0,0,canceled,"0.28",,,,,,,,,,,
"1605863821.411","| copybuckets json=""{\""vixes\"": {}, \""providers\"": {}}""","prod-openpathus","1605863821.224232",0,0,1605863821,0,0,canceled,"0.28400000000000003",,,,,,,,,,,
"1605867420.416","| copybuckets json=""{\""vixes\"": {}, \""providers\"": {}}""","prod-openpathus","1605867420.966519",0,0,1605867421,0,0,canceled,"0.276",,,,,,,,,,,
"1605871020.421","| copybuckets json=""{\""vixes\"": {}, \""providers\"": {}}""","prod-openpathus","1605871020.808733",0,0,1605871020,0,0,canceled,"0.279",,,,,,,,,,,
"1605874621.426","| copybuckets json=""{\""vixes\"": {}, \""providers\"": {}}""","prod-openpathus","1605874621.335377",0,0,1605874621,0,0,canceled,"0.277",,,,,,,,,,,
"1605878220.431","| copybuckets json=""{\""vixes\"": {}, \""providers\"": {}}""","prod-openpathus","1605878220.837706",0,0,1605878220,0,0,canceled,"0.276",,,,,,,,,,,
"1605881820.436","| copybuckets json=""{\""vixes\"": {}, \""providers\"": {}}""","prod-openpathus","1605881820.715619",0,0,1605881820,0,0,canceled,"0.299",,,,,,,,,,,
"1605885420.441","| copybuckets json=""{\""vixes\"": {}, \""providers\"": {}}""","prod-openpathus","1605885420.852129",0,0,1605885420,0,0,canceled,"0.305",,,,,,,,,,,
"1605889020.446","| copybuckets json=""{\""vixes\"": {}, \""providers\"": {}}""","prod-openpathus","1605889020.957150",0,0,1605889021,0,0,canceled,"0.323",,,,,,,,,,,
"1605892621.451","| copybuckets json=""{\""vixes\"": {}, \""providers\"": {}}""","prod-openpathus","1605892621.026421",0,0,1605892621,0,0,canceled,"0.303",,,,,,,,,,,
"1605896221.478","| copybuckets json=""{\""vixes\"": {}, \""providers\"": {}}""","prod-openpathus","1605896221.045433",0,0,1605896221,0,0,canceled,"0.28300000000000003",,,,,,,,,,,
"1605899820.502","| copybuckets json=""{\""vixes\"": {}, \""providers\"": {}}""","prod-openpathus","1605899820.701875",0,0,1605899820,0,0,canceled,"0.297",,,,,,,,,,,
"1605903421.507","| copybuckets json=""{\""vixes\"": {}, \""providers\"": {}}""","prod-openpathus","1605903421.201311",0,0,1605903421,0,0,canceled,"0.306",,,,,,,,,,,
"1605907021.512","| copybuckets json=""{\""vixes\"": {}, \""providers\"": {}}""","prod-openpathus","1605907021.119702",0,0,1605907021,0,0,canceled,"0.295",,,,,,,,,,,
"1605910620.517","| copybuckets json=""{\""vixes\"": {}, \""providers\"": {}}""","prod-openpathus","1605910620.794892",0,0,1605910620,0,0,canceled,"0.293",,,,,,,,,,,
"1605914220.522","| copybuckets json=""{\""vixes\"": {}, \""providers\"": {}}""","prod-openpathus","1605914220.856231",0,0,1605914220,0,0,canceled,"0.291",,,,,,,,,,,
"1605917820.527","| copybuckets json=""{\""vixes\"": {}, \""providers\"": {}}""","prod-openpathus","1605917820.650977",0,0,1605917820,0,0,canceled,"0.278",,,,,,,,,,,
"1605921421.532","| copybuckets json=""{\""vixes\"": {}, \""providers\"": {}}""","prod-openpathus","1605921421.370919",0,0,1605921421,0,0,canceled,"0.279",,,,,,,,,,,
"1605925021.537","| copybuckets json=""{\""vixes\"": {}, \""providers\"": {}}""","prod-openpathus","1605925021.049534",0,0,1605925021,0,0,canceled,"0.279",,,,,,,,,,,
"1605928620.571","| copybuckets json=""{\""vixes\"": {}, \""providers\"": {}}""","prod-openpathus","1605928620.604471",0,0,1605928620,0,0,canceled,"0.28",,,,,,,,,,,
"1605932221.576","| copybuckets json=""{\""vixes\"": {}, \""providers\"": {}}""","prod-openpathus","1605932221.079234",0,0,1605932221,0,0,canceled,"0.28300000000000003",,,,,,,,,,,
"1605935820.581","| copybuckets json=""{\""vixes\"": {}, \""providers\"": {}}""","prod-openpathus","1605935820.946594",0,0,1605935820,0,0,canceled,"0.28",,,,,,,,,,,
"1605939420.586","| copybuckets json=""{\""vixes\"": {}, \""providers\"": {}}""","prod-openpathus","1605939420.749222",0,0,1605939420,0,0,canceled,"0.281",,,,,,,,,,,
"1605943020.591","| copybuckets json=""{\""vixes\"": {}, \""providers\"": {}}""","prod-openpathus","1605943020.509164",0,0,1605943020,0,0,canceled,"0.277",,,,,,,,,,,
"1605946621.596","| copybuckets json=""{\""vixes\"": {}, \""providers\"": {}}""","prod-openpathus","1605946621.255737",0,0,1605946621,0,0,canceled,"0.28500000000000003",,,,,,,,,,,
"1605950220.601","| copybuckets json=""{\""vixes\"": {}, \""providers\"": {}}""","prod-openpathus","1605950220.960638",0,0,1605950221,0,0,canceled,"0.28",,,,,,,,,,,
"1605953820.606","| copybuckets json=""{\""vixes\"": {}, \""providers\"": {}}""","prod-openpathus","1605953820.634789",0,0,1605953820,0,0,canceled,"0.276",,,,,,,,,,,
"1605957421.3","| copybuckets json=""{\""vixes\"": {}, \""providers\"": {}}""","prod-openpathus","1605957421.068407",0,0,1605957421,0,0,canceled,"0.972",,,,,,,,,,,
"1605961021.3","| copybuckets json=""{\""vixes\"": {}, \""providers\"": {}}""","prod-openpathus","1605961021.417834",0,0,1605961021,0,0,canceled,"0.496",,,,,,,,,,,
"1605964620.8","| copybuckets json=""{\""vixes\"": {}, \""providers\"": {}}""","prod-openpathus","1605964620.528861",0,0,1605964620,0,0,canceled,"0.508",,,,,,,,,,,
